Brand;Color;Rating;Selling Price
OPPO;Moonlight Black;4,5;11990
OPPO;Mint Cream;4,5;11990
OPPO;Moonlight Black;4,3;13990
OPPO;Mint Cream;4,3;13990
OPPO;Electric Black;4,5;11990
OPPO;Electric Black;4,3;13990
OPPO;Deep Blue;4,4;10490
OPPO;Black;4,4;9490
OPPO;Blue;4,4;9490
OPPO;Flowing Silver;4,4;9490
OPPO;Deep Blue;4,4;9490
OPPO;Flowing Silver;4,4;10490
OPPO;Crystal Blue;4,3;15990
OPPO;Ink Black;4,3;15990
OPPO;Blue;4,4;10490
OPPO;Crystal Blue;4,3;17990
OPPO;Ink Black;4,3;17990
OPPO;Moonlight Black;4,3;10490
OPPO;Lake Green;4,3;11960
OPPO;Mystery Black;4,3;11779
OPPO;Fantastic Purple;4,3;18979
OPPO;Flowing Silver;4,2;8990
OPPO;Matte Black;4,3;19990
OPPO;Moonlight Gold;4,3;15990
OPPO;Moonlight Gold;4,3;14990
OPPO;Aurora;4,3;29990
OPPO;Stellar Black;4,3;29990
OPPO;Magic Blue;4,3;19990
OPPO;Starry Blue;4,3;14990
OPPO;Starry Blue;4,3;15990
OPPO;Moonlight Gold;4,3;16990
OPPO;Starry Blue;4,3;16990
OPPO;Crystal Black;4,3;14990
OPPO;Metallic White;4,3;19990
OPPO;Fantasy White;4,3;12199
OPPO;Navy Blue;4,3;21990
OPPO;Fancy Blue;4,3;15999
OPPO;Deep Blue;4,2;8990
OPPO;Crystal Black;4,3;15990
OPPO;Astral Blue;4,4;35990
OPPO;Dynamic Black;4,3;10990
OPPO;Dynamic Orange;4,2;16990
OPPO;Mystery Blue;4,3;10990
OPPO;Fairy White;4,5;13499
OPPO;Fairy White;4,3;15999
OPPO;Fluid Black;4,3;18380
OPPO;Stellar Black;4,4;39990
OPPO;Crystal Black;4,3;16990
OPPO;Sky White;4,4;19990
OPPO;Lake Green;4,4;19990
OPPO;Midnight Black;4,4;26798
OPPO;Navy Blue;4,2;16990
OPPO;Dynamic Black;4,3;12990
OPPO;Rainbow Silver;4,3;12990
OPPO;Auroral Blue;4,4;27990
OPPO;Crystal Silver;4,3;21990
OPPO;Fantastic Purple;4,3;23490
OPPO;Space Silver;4,3;25990
OPPO;Fluid Black;4,3;25990
OPPO;Fancy White;4,3;12889
OPPO;Fluid Black;4,3;21990
OPPO;Crystal Silver;4,3;23490
OPPO;Fluid Black;4,3;23490
OPPO;Fantastic Purple;4,3;21990
OPPO;Fancy Blue;4,5;13499
OPPO;Midnight Blue;4,2;19990
OPPO;Mystery Blue;4;9989
OPPO;Auroral Blue;4,4;24989
OPPO;Glaring Gold;4,4;10990
OPPO;Rainbow Silver;4,3;11249
OPPO;Starry Black;4,4;35990
OPPO;Red;4,4;24990
OPPO;Blue;4,3;8990
OPPO;JET BLACK;4,4;29999
OPPO;Luminous Black;4,5;29489
OPPO;Aurora;4,4;39990
OPPO;Unicorn White;4,4;15990
OPPO;Prism Black;4,2;19990
OPPO;Piano Black;4,3;13990
OPPO;Classic Silver;4,2;20999
OPPO;Lightening Black;4,4;15990
OPPO;Sky White;4,4;24719
OPPO;Midnight Black;4,4;24768
OPPO;Marine Green;4,3;14990
OPPO;Bordeaux Red;4,6;60990
OPPO;Galactic Blue;4,4;34990
OPPO;Marble Green;4,4;17990
OPPO;Diamond Blue;4,4;15990
OPPO;Silky White;4,4;34990
OPPO;Starry Night;4,4;34990
OPPO;Space Silver;4,2;19990
OPPO;Black;4,4;10990
OPPO;Space Purple;4,3;14990
OPPO;Sky White;4,4;21990
OPPO;Dazzling White;4,4;12990
OPPO;Rose Gold;4,3;17000
OPPO;Gold;4;27500
OPPO;Piano Black;4,4;15000
OPPO;Blue;4,3;15000
OPPO;Rose Gold;4,3;18000
OPPO;Blazing Blue;4,4;15990
OPPO;Purple;4,3;15000
OPPO;Champagne;4,2;11000
OPPO;Aurora Blue;4,3;23990
OPPO;Mist Black;4,5;19000
OPPO;Sky White;4,5;29489
OPPO;Black;4,4;9490
OPPO;Red;4,3;13990
OPPO;Black;4,4;15500
OPPO;Twilight Black;4,3;17999
OPPO;Stream White;4,3;17999
OPPO;Black;4,4;9940
OPPO;Black;4,3;12990
OPPO;Black;3,8;10000
OPPO;Gold;4,4;15726
OPPO;Gold;4,3;18000
OPPO;Black;4,2;12500
OPPO;Gold;4,2;12500
OPPO;Lightening Black;4,4;18990
OPPO;Blazing Blue;4,4;18990
OPPO;Gold;4,2;18000
OPPO;Mystery Black;4,3;13799
OPPO;Fantasy White;4,3;13899
OPPO;Marine Green;4,3;15990
OPPO;Vanilla Mint;4,3;14990
OPPO;Lake Green;4,4;25889
OPPO;Red;4,3;12990
OPPO;Red;4,3;8490
OPPO;Green;4,4;15677
OPPO;Grey;4,2;10000
OPPO;Sunrise Red;4,5;19990
OPPO;Red;4,3;12000
OPPO;Twilight Blue;4,5;21150
OPPO;Champagne;4,4;14995
OPPO;Red;4,4;9500
OPPO;Starry Purple;4,5;21150
OPPO;Blue;4,4;13750
OPPO;Red;4,4;12990
OPPO;Purple;4,3;12990
OPPO;Purple;4,4;9500
OPPO;Diamond Blue;4,4;15000
OPPO;Diamond Blue;4,4;15000
OPPO;Diamond Red;4,4;13500
OPPO;Diamond Red;4,4;15990
OPPO;Stream White;4,3;16990
OPPO;Mint Cream;4,3;10490
OPPO;Dynamic Orange;4,3;22990
OPPO;Classic Silver;4,3;22990
OPPO;Dynamic Black;4,3;13489
OPPO;Dynamic Black;4;8990
OPPO;Twilight Black;4,4;14990
OPPO;Sky White;4,4;27990
OPPO;Glaring Gold;4,3;10990
OPPO;Black;4,3;7990
OPPO;Twilight Black;4,3;20990
OPPO;Stream White;4,3;20990
OPPO;Stream White;4,4;14990
OPPO;Blue;4,4;10990
OPPO;Black;4,4;14990
OPPO;Glaze Blue;4,4;10990
OPPO;Red;4,2;9990
OPPO;Red;4,3;13990
OPPO;Glaze Blue;4,3;10990
OPPO;Mirror Black;4,4;14990
OPPO;Champagne;4,3;16990
OPPO;Gold;4,4;19990
OPPO;Jade Black;4,3;24990
OPPO;Gold;4,4;10990
OPPO;White;3,8;8490
OPPO;Astral Blue;4,4;14990
OPPO;Astral Blue;4,3;13990
OPPO;Jade Black;4,2;30994
OPPO;Black;4,4;10990
OPPO;Stellar Purple;4,5;17890
OPPO;Black;4,3;20990
OPPO;Black;4,2;14990
OPPO;Marble Green;4,4;12990
OPPO;Fluorite Purple;4,4;12990
OPPO;Black;4,3;22990
OPPO;Gold;4,3;22990
OPPO;Black;4,3;30990
OPPO;Black;4,4;22990
OPPO;Gold;4,3;21999
OPPO;Black;4,4;22990
OPPO;Starry Night;4,4;34990
OPPO;Black;4,4;22990
OPPO;Starry Night;4,4;34990
OPPO;Black;4,4;22990
OPPO;Gold;4,3;12990
OPPO;Waterfall Grey;4,5;14990
OPPO;Aurora Green;4,5;17990
OPPO;White;3;21452
OPPO;Fluorite Purple;4,4;17990
OPPO;Fluorite Purple;4,4;13990
OPPO;Vanilla Mint;4,3;15990
OPPO;Black;3;24990
OPPO;Thunder Black;4,5;16990
OPPO;Aurora Green;4,5;16890
OPPO;Aurora Blue;4,2;29999
OPPO;Space Purple;4,3;15990
OPPO;Fancy white;4,3;13489
OPPO;Rainbow Silver;4,3;13489
OPPO;Blue;4,4;10990
OPPO;Black;4,3;17990
OPPO;Gold;4,3;17990
OPPO;Jewelry White;4,4;17990
OPPO;Black;4,4;22990
OPPO;Red;4,4;22990
OPPO;Silver;4,4;22990
OPPO;Glacier Blue;4,6;60990
OPPO;Black;3,8;4999
OPPO;Red;4,5;27990
OPPO;Gold;4,1;15739
OPPO;Luminous Black;4,4;38990
OPPO;Black;4,5;27990
OPPO;White;3,8;4999
OPPO;Neon Purple;3,7;38999
OPPO;Rainbow Silver;4;9490
OPPO;Unicorn White;4,4;18990
OPPO;Jet Black;4,5;38990
OPPO;Marble Green;4,4;13990
OPPO;Majestic Gold;4,4;41990
OPPO;Black;4,2;9990
OPPO;Grey;4,2;12990
OPPO;Rose Gold;4;24900
OPPO;Black;4,4;13490
OPPO;Thunder Black;4,5;17990
OPPO;Grey;4,3;18990
OPPO;Rose Gold;4,3;18990
OPPO;Gold;4,3;18990
OPPO;Ocean Green;4,5;38990
OPPO;Jet Black;4,4;41990
OPPO;Ocean Green;4,4;41990
OPPO;Gold;4,2;9990
OPPO;Ocean Blue;4,4;38990
OPPO;White;3,1;9990
OPPO;Starry purple;4,5;21990
HTC;Amazing Silver;4,7;56990
HTC;Blue;3,9;12999
HTC;Blue;3,9;16999
HTC;Blue;3,9;17999
HTC;Blue MB;3,9;13999
IQOO;Quantum Silver;4,4;34990
IQOO;Tornado Black;4,4;34990
IQOO;Quantum Silver;4,4;37990
IQOO;Tornado Black;4,4;37990
IQOO; Tornado Black;4,4;39990
Google Pixel;Just Black;4,5;31999
Google Pixel;Clearly White;4,5;44999
Google Pixel;Just Black;4,5;69999
Google Pixel;Just Black;4,5;44999
Google Pixel;Clearly White;4,5;71000
Google Pixel;Not Pink;4,5;71000
Google Pixel;Not Pink;4,5;80000
Google Pixel;Not Pink;4,6;83000
Google Pixel;Just Black;4,6;83000
Google Pixel;Clearly White;4,6;92000
Google Pixel;Just Black;4,5;80000
Google Pixel;Clearly White;4,5;80000
Google Pixel;Just Black;4,6;92000
Google Pixel;Clearly White;4,6;83000
Google Pixel;Clearly White;4,5;39999
Google Pixel;Very Silver;4,5;76000
Google Pixel;Just Black;4,6;82000
Google Pixel;Just Black;4,6;61000
Google Pixel;Not Pink;4,6;92000
Google Pixel;Clearly White;4,6;70000
Google Pixel;Black;4,4;66000
Google Pixel;Silver;4,4;57000
Google Pixel;Just Black;4,6;70000
Google Pixel;Just Black;4,5;39999
LG;Black;4;7690
LG;Aurora Silver;4,4;44990
LG;Blue;4;9990
LG;White;4,2;15532
LG;Midnight Blue;4;9999
LG;Midnight Blue;4,1;10999
LG;Grey;3,9;10990
LG;Black;4,4;44990
LG;midnight blue;4;9999
LG;Midnight Purple;3,8;14999
LG;Midnight Blue;3,8;13775
LG;Moroccan Blue;4,1;5899
LG;Black;4;7999
LG;Smokey Gray;3,9;6999
LG;Midnight Purple;3,8;13998
LG;Black Blue;4;7799
LG;MAGIC BLUE;4;10499
LG;Black;4;24000
LG;Black;3,7;7299
LG;Thunder Blue;3,9;8399
LG;Thunder blue;3,8;12950
LG;Platinum;4,4;55000
LG;Titan;4,1;12999
LG;Green;3,9;10990
LG;Silver Titan;3,4;5000
LG;Aurora Green;3,8;12790
LG;Silver;4,2;29199
LG;Black;4,4;27990
LG;Platinum Grey;4,4;60000
LG;Brown;4;9990
LG;White;4,5;26299
LG;Black;4,4;50000
LG;Platinum;4,4;50000
Google Pixel;Ice;4,3;25990
LG;Silver;4;52990
LG;Platinum;3,9;19990
LG;Black Titan;3,7;12500
LG;AURORA SILVER;4,2;29999
LG;Magic Blue;3,8;9499
LG;Magic Blue;4;8499
LG;Aurora Gray;4,2;29999
LG;Laser Blue;3,7;10499
LG;Black;4,4;55000
LG;Black;4;12791
LG;White;3,7;8800
LG;Black & Blue;3,8;5699
LG;Titan;4,5;42021
LG;Black;4,5;10199
LG;Aurora Green;3,9;9999
LG;Silver;4,3;29999
LG;Black;4,3;29999
LG;Black Gold;4,5;31971
LG;Black;3,8;20000
LG;Platinum;4;16990
LG;Black;4,2;22990
LG;Titan;4,1;7499
LG;Gold & Black;4,1;9990
LG;Illusion Sky;4,2;29999
LG;Titan;4,1;30990
LG;Blue;4,4;55000
LG;Black Gold;4;6980
LG;Black;4;16990
LG;Gold;4;16990
LG;Black;3,3;9990
LG;Black;4;8499
LG;Titan;4,1;14250
Google Pixel;Ice;4,3;29990
Google Pixel;Carbon;4,3;25990
LG;Black;3,9;19990
LG;Titan;4,1;6590
LG;White;3,8;15999
LG;Blue;3,9;19990
LG;Red;4;35990
LG;Genuine Leather Black;4;35990
LG;Brown;4,1;9999
LG;Titan;3,8;9990
Google Pixel;White;4,5;25400
LG;Brown;4,1;8350
LG;Black Titan;3,9;7000
LG;Titan;3,6;7000
LG;Titan Silver;3,5;9999
LG;Black;3,9;6299
LG;White;4;13299
LG;Pink;4,2;31490
LG;Black;4,1;9000
LG;Titan;4;22999
LG;Platinum Grey;3,9;8199
Google Pixel;Black;4,5;12000
LG;Metallic Gray;4;25999
LG;White;4,2;24998
LG;Blue;4,2;29790
LG;Gold;4;25999
LG;White;3,7;14162
LG;Black Titan;4,1;13990
LG;Moroccan Blue;3,3;16790
LG;Lavender Violet;3,3;16996
LG;Moroccan Blue;3,2;20998
LG;Lavender Violet;3,2;21001
LG;Black;4;7990
LG;Black;3,2;11849
LG;Black Titan;3,8;8000
LG;Black Gold;3,8;8000
LG;Genuine Leather Brown;4;30600
ASUS;Black;4,3;49999
ASUS;Black;4,4;49999
ASUS;Grey;4,3;15599
ASUS;Black;4,1;7999
ASUS;Black;4,4;46999
ASUS;Blue;4,3;12999
ASUS;Midnight Blue;4,5;36299
ASUS;Blue;4,3;15599
ASUS;Black;4,3;35999
ASUS;Black;4,3;15599
ASUS;Black;3,9;5299
ASUS;Black;4,3;14999
ASUS;Meteor Silver;4,5;36299
ASUS;Gold;3,7;6999
ASUS;Gold;3,8;8999
ASUS;Red;3,7;5299
ASUS;Silver;3,8;5299
ASUS;Silver;4,3;14999
ASUS;Black;4,2;7199
ASUS;Black;4,3;12999
ASUS;Black;4,1;10999
ASUS;Grey;4,3;17999
ASUS;Silver;4,3;38999
ASUS;Silver;3,8;5699
ASUS;Black;4,6;40999
ASUS;Black;3,8;8499
ASUS;White;4;6999
ASUS;Black;4,5;57999
ASUS;Gold;4,2;7199
ASUS;Blue;4,3;15999
ASUS;Pink;3,9;5299
ASUS;White;3,7;5299
ASUS;Gold;3,6;5840
ASUS;Black;4,4;57999
ASUS;Gold;3,8;5699
ASUS;Red;3,8;6299
ASUS;Silver Blue;3,8;5699
ASUS;White;3,7;4990
ASUS;Black;4;4990
ASUS;Yellow;3,7;5299
ASUS;Black;3,8;6299
ASUS;White;3,8;6299
ASUS;Gold;3,8;4649
ASUS;White;4,5;57999
ASUS;Silver;4,3;43999
ASUS;Meteor Silver;4,5;43999
ASUS;Silver;4,3;35999
ASUS;Blue;4,1;14499
ASUS;Black;4,1;6990
ASUS;Black;3,6;4999
ASUS;Blue;4,3;17999
ASUS;Blue;4,3;13199
ASUS;Silver;3,6;4890
ASUS;Silver Blue;3,6;4890
ASUS;Black;4;4499
ASUS;Silver Blue;3,8;7300
ASUS;Blue;3,8;7499
ASUS;White;4,3;49999
ASUS;Black;4;9599
ASUS;Red;3,6;4890
ASUS;Silver;4,3;12999
ASUS;Black;4,3;26499
ASUS;Black;4,2;9599
ASUS;Grey;4;17999
ASUS;Gold;3,6;4880
ASUS;Matte Black;4,3;43999
ASUS;Black;4,3;17999
ASUS;Blue;4,3;15599
ASUS;White;4;13999
ASUS;Black;4;9999
ASUS;Grey;4,3;13199
ASUS;Gold;4;9999
ASUS;Gold;4,2;9599
ASUS;Pink;4;17999
ASUS;Red;3,9;15999
ASUS;White;3,9;15999
ASUS;Rose Pink;4,1;10999
ASUS;Blue;4,3;14999
ASUS;Gold;4,1;10999
ASUS;Titanium;4,3;19999
ASUS;Black;4,3;43999
ASUS;White;4,1;7499
ASUS;Midnight Blue;4,5;43999
ASUS;Black;4,3;38999
ASUS;Black;4,1;8499
ASUS;Purple;4;13999
ASUS;Blue;4,3;17999
ASUS;Titanium;4,3;15999
ASUS;Black;4,6;62999
ASUS;Black;4,1;7990
ASUS;Grey;3,8;6999
ASUS;Midnight Blue;4,5;32999
ASUS;Black;4,3;13199
ASUS;Blue;4,3;19999
ASUS;Gold;3,9;15999
ASUS;Titanium;4,3;17999
ASUS;Pink;4;7999
ASUS;Aqua Blue;4;11999
ASUS;White;3,6;37999
ASUS;Black;3,6;37999
ASUS;Gold;4;7990
ASUS;Red;4;11999
ASUS;Blue;4,1;7699
ASUS;Silver;3,9;8499
ASUS;Orange;4,1;8690
ASUS;Red;3,6;5990
ASUS;White;4;14500
ASUS;Silver;4;6749
ASUS;Black;4,1;6999
ASUS;Pink;4;12490
ASUS;Gold;4;7668
realme;Cool Blue;4,2;8799
realme;Cool Blue;4,3;7299
realme;Cool Grey;4,3;7299
realme;Racing Blue;4,4;14999
realme;Racing Silver;4,4;14999
realme;Cool Blue;4,4;7499
realme;Cool Grey;4,4;7499
realme;Cross Black;4,4;9999
realme;Cross Blue;4,4;9999
realme;Cool Grey;4,2;8799
realme;Watery Grey;4,4;11999
realme;Watery Grey;4,4;10999
realme;Watery Blue;4,4;11999
realme;Watery Blue;4,4;10999
realme;Universe Blue;4,5;17999
realme;Universe Purple;4,5;17999
realme;Cross Black;4,4;9999
realme;Cross Blue;4,4;9999
realme;Cross Black;4,4;8999
realme;Cross Blue;4,4;8999
realme;Racing Blue;4,3;16999
realme;Racing Silver;4,3;16999
realme;Racing Silver;4,3;14499
realme;Racing Blue;4,3;14499
realme;Racing Blue;4,3;13499
realme;Racing Silver;4,3;13499
realme;Laser Black;4,3;8999
realme;Racing Blue;4,3;15499
realme;Racing Silver;4,3;15499
realme;Supersonic Black;4,3;16499
realme;Supersonic Blue;4,3;15499
realme;Supersonic Black;4,3;15499
realme;Infinite Black;4,4;19999
realme;Supersonic Blue;4,3;18499
realme;Supersonic Black;4,3;18499
realme;Supersonic Blue;4,3;16499
realme;Power Blue;4,3;9999
realme;Infinite Black;4,3;17999
realme;Infinite Blue;4,4;19999
realme;Cyber Silver;4,3;16999
realme;Cyber Black;4,3;16999
realme;Cyber Black;4,3;17999
realme;Cyber Black;4,3;15999
realme;Cyber Silver;4,3;17999
realme;Power Silver;4,4;8999
realme;Power Blue;4,4;8999
realme;Rich Grey;4,4;7499
realme;Rich Green;4,4;7499
realme;Mist Blue;4,3;14999
realme;Nebula;4,3;21999
realme;Space Silver;4,3;19999
realme;Space Silver;4,3;21999
realme;Nebula;4,3;19999
realme;Sword Black;4,3;16999
realme;Blade Silver;4,3;16999
realme;Frozen Blue;4,4;9999
realme;Power Silver;4,3;11999
realme;Power Blue;4,4;12999
realme;Power Silver;4,4;12999
realme;Blade Silver;4,3;19999
realme;Sword Black;4,3;19999
realme;Diamond Blue;4,4;10499
realme;Chroma White;4,5;16999
realme;Fusion Green;4,3;13999
realme;Diamond Black;4,4;6999
realme;Arctic White;4,3;29999
realme;Arctic White;4,2;32999
realme;Glacier Blue;4,2;32999
realme;Eclipse Black;4,4;13999
realme;Comet White;4,4;14999
realme;Diamond Black;4,3;10999
realme;Diamond Red;4,5;8499
realme;Lunar White;4,4;12999
realme;Pearl White;4,5;17999
realme;Aqua Blue;4,5;10999
realme;Black;4,4;10990
realme;Moonlight Silver;4,3;10990
realme;Space Blue;4,5;17999
realme;Mint Green;4,4;7499
realme;Carbon Black;4,4;7499
realme;Oxygen Blue;4,4;12499
realme;Oxygen Green;4,4;11499
realme;Oxygen Blue;4,4;11499
realme;Diamond Black;4,5;9990
realme;Diamond Red;4,5;9990
realme;Pearl Green;4,5;20999
realme;Space Blue;4,5;20999
realme;Oxygen Green;4,4;12499
realme;Laser Blue;4,3;10499
realme;Laser Black;4,3;10499
realme;Laser Blue;4,3;8999
realme;Power Silver;4,4;10999
realme;Power Blue;4,4;10999
realme;Infinite Blue;4,3;17999
realme;Cyber Silver;4,3;15999
realme;Power Silver;4,3;9999
realme;Illuminating Yellow;4,4;19999
realme;Illuminating Yellow;4,3;17999
realme;Diamond Blue;4,4;8499
realme;Fusion Green;4,3;14999
realme;Sparkling Blue;4,5;14999
realme;Diamond Red;4,4;10499
realme;Glacier Blue;4,3;27999
realme;Rust Red;4,3;47999
realme;Arctic White;4,4;24999
realme;Dashing Blue;4,3;37999
realme;Rust Red;4,3;41999
realme;Moss Green;4,3;47999
realme;Moss Green;4,3;41999
realme;Sparkling Blue;4,5;16999
realme;Crystal Green;4,5;13999
realme;Glacier Blue;4,3;29999
realme;Diamond Blue;4,4;6499
realme;Racing Yellow;4,3;41999
realme;Comet Blue;4,4;14999
realme;Arctic White;4,4;25999
realme;Power Blue;4,3;11999
realme;Comet Blue;4,4;16999
realme;Arctic White;4,3;29999
realme;Arctic White;4,2;32999
realme;Glacier Blue;4,2;32999
realme;Mystic Black;4,3;29999
realme;Diamond Black;4,4;6999
realme;Arctic White;4,3;29999
realme;Arctic White;4,2;32999
realme;Glacier Blue;4,2;32999
realme;Cosmos Black;4,1;25999
realme;Eclipse Black;4,4;13999
realme;Comet White;4,4;14999
realme;Diamond Black;4,3;10999
realme;Diamond Red;4,5;8499
realme;Lunar White;4,4;12999
realme;Pearl White;4,5;17999
realme;Aqua Blue;4,5;10999
realme;Black;4,4;10990
realme;Moonlight Silver;4,3;10990
realme;Space Blue;4,5;17999
realme;Mint Green;4,3;7499
realme;Carbon Black;4,3;7499
realme;Oxygen Blue;4,3;12499
realme;Oxygen Green;4,3;11499
realme;Oxygen Blue;4,3;11499
realme;Diamond Black;4,5;9990
realme;Diamond Red;4,5;9990
realme;Pearl Green;4,5;20999
realme;Space Blue;4,5;20999
realme;Oxygen Green;4,3;12499
realme;Laser Blue;4,3;10499
realme;Laser Black;4,3;10499
realme;Laser Blue;4,3;8999
realme;Power Silver;4,4;10999
realme;Power Blue;4,4;10999
realme;Infinite Blue;4,3;17999
realme;Cyber Silver;4,3;15999
realme;Power Silver;4,3;9999
realme;Illuminating Yellow;4,4;19999
realme;Illuminating Yellow;4,3;17999
realme;Watery Grey;4,4;9999
realme;Watery Blue;4,4;9999
realme;Volcano Grey;4,4;9999
realme;Volcano Grey;4,4;8999
realme;Frozen Blue;4,4;10999
realme;Blazing Red;4,4;8999
realme;Watery Blue;4,4;10999
realme;Watery Grey;4,4;10999
realme;Crystal Green;4,5;14999
realme;Power Silver;4,4;10999
realme;Fusion Blue;4,3;13999
realme;Mist White;4,3;17999
realme;Chroma White;4,5;14999
realme;Diamond Black;4,4;10499
realme;Diamond Red;4,4;8499
realme;Crystal Green;4,5;16999
realme;Power Blue;4,4;10999
realme;Mist White;4,3;14999
realme;Sun Kissed Leather;4,4;19999
realme;Black Ninja;4,3;16999
realme;White Knight;4,3;14999
realme;White Knight;4,3;16999
realme;Fusion Blue;4,3;14999
realme;Arctic White;4,3;27999
realme;Glory Silver;4,3;8499
realme;Glory Silver;4,3;10499
realme;Victory Blue;4,3;10499
realme;Glory Silver;4,4;9499
realme;Glory Silver;4,3;11499
realme;So White;4,5;9999
realme;That Green;4,5;11999
realme;That White;4,5;11999
realme;Victory Blue;4,3;11499
realme;Victory Blue;4,4;9499
realme;Diamond Black;4,4;6499
realme;Victory Blue;4,3;8499
realme;Lightning Red;4,4;19999
realme;So Blue;4,5;8999
realme;Comet White;4,4;15999
realme;So White;4,5;8999
realme;That Blue;4,5;11999
realme;Comet Blue;4,4;13999
realme;Ambitious Black;4,4;8285
realme;Fiery Gold;4,4;8490
realme;Comet White;4,4;16999
realme;Lunar White;4,5;31999
realme;Comet White;4,4;13999
realme;Brave Blue;4,4;9999
realme;Lightning Blue;4,4;17999
realme;Solar Red;4,3;12799
realme;Fiery Gold;4,4;11990
realme;Crystal Blue;4,5;11999
realme;Blazing Red;4,4;10999
realme;Glacier Blue;4,4;25999
realme;Fiery Gold;4,4;11999
realme;Diamond Blue;4,4;11990
realme;Diamond Red;4,4;9490
realme;Lightning Red;4,4;17999
realme;Pearl Green;4,5;17999
realme;Pearl Blue;4,5;17999
realme;Lightning Blue;4,4;19999
realme;Diamond Blue;4,4;7499
realme;Diamond Sapphire;4,4;7499
realme;Diamond Ruby;4,4;7499
realme;Forest Green;4,5;10999
realme;Pearl Blue;4,5;19999
realme;Lightning Red;4,4;18999
realme;Lightning Orange;4,4;18999
realme;Pearl White;4,5;20999
realme;Lightning Orange;4,4;19499
realme;Eclipse Black;4,4;12999
realme;Lightning Blue;4,4;18999
realme;Radiant Blue;4,5;9499
realme;Glacier Blue;4,4;24999
realme;Pearl White;4,5;24999
realme;Pearl White;4,5;19999
realme;Pearl Blue;4,5;20999
realme;Pearl Green;4,5;19999
realme;Pearl Blue;4,5;24999
realme;Forest Green;4,5;11999
realme;Red Brick;4,6;36999
realme;Concrete;4,6;36999
realme;Aqua Blue;4,5;11999
realme;Dynamic Black;4,4;10499
realme;Black;4,5;8499
realme;Black;4,4;10499
realme;Dynamic Black;4,5;9499
realme;Diamond Red;4,4;9499
realme;Radiant Blue;4,4;10499
realme;Dynamic Black;4,5;8499
realme;So Blue;4,5;9999
realme;Garlic;4,5;20999
realme;Onion;4,5;20999
realme;Polar White;4,5;17999
realme;Lunar White;4,6;35999
realme;Neptune Blue;4,6;35999
realme;Neptune Blue;4,5;31999
realme;Mint Green;4,3;8999
realme;Carbon Black;4,3;8999
realme;Diamond Black;4,4;11990
realme;Brave Blue;4,4;9999
realme;Pearl Green;4,5;24999
realme;Silver;4,4;11490
realme;Radiant Blue;4,5;8499
realme;Radiant Blue;4,5;8499
realme;Lunar White;4,4;13999
realme;Super Polar White;4,5;21999
realme;Onion;4,5;20999
realme;Polar White;4,5;20999
GIONEE;Royal Blue;4,1;6299
GIONEE;Black;4,1;6299
GIONEE;Red;4,1;6299
GIONEE;Blue;3,8;7299
GIONEE;Red;3,8;7299
GIONEE;Black;3,8;7299
GIONEE;Black;3,9;6499
GIONEE;White;3,9;8999
GIONEE;Champagne;4,1;6990
GIONEE;Grey;4;21499
GIONEE;Dark Blue;4;8750
GIONEE;Black;4;8690
GIONEE;Blue;3,9;5499
GIONEE;Red;3,9;5666
GIONEE;Blue;4;6490
GIONEE;Black;4;6899
GIONEE;Black;4;2199
GIONEE;Black;4;2199
GIONEE;Red;3,1;4150
GIONEE;Black;3,9;3150
GIONEE;Black;3,9;1890
GIONEE;Gold;3,7;4290
GIONEE;White;3,6;2350
GIONEE;Black;3,9;2490
GIONEE;Black;3,7;3990
GIONEE;White;3,7;5199
GIONEE;Black;3,6;2450
GIONEE;Black;3,8;3490
GIONEE;Red;3,8;3990
GIONEE;Blue;3,8;4190
GIONEE;Black;3,9;1099
GIONEE;Black;4,2;7900
GIONEE;Champagne;4,2;7900
GIONEE;Black;3,7;1099
GIONEE;Gold;3,8;4190
GIONEE;Black;4;4650
GIONEE;Black;4,1;6990
GIONEE;Blue;4,1;7290
GIONEE;Gold;4;15490
GIONEE;Grey;3,9;5290
GIONEE;Gold;3,9;5290
GIONEE;Grey;3,8;4750
GIONEE;Gold;3,8;4450
GIONEE;White;3,8;4990
GIONEE;Black;3,8;2799
GIONEE;Black;4,1;16499
GIONEE;Mocha Gold;4,1;10499
GIONEE;Black;3,8;7150
GIONEE;Gold;3,8;4999
GIONEE;White;3,8;2999
GIONEE;Black;4;6475
GIONEE;Blue;4,1;7990
GIONEE;Black;4;8479
GIONEE;Black and Gold;4;8479
GIONEE;Gold;3,9;11499
GIONEE;Black;3,9;11499
GIONEE;Blue;4,1;6990
GIONEE;Gold;4;6450
GIONEE;White;3,6;2650
GIONEE;Black;4,1;15999
GIONEE;White;3,8;4850
GIONEE;Yellow;3,7;3990
GIONEE;Gold;4;5149
GIONEE;Gold;3,9;13649
GIONEE;Grey;4,4;11999
GIONEE;White;3,8;9599
GIONEE;Gold;4,1;15399
GIONEE;Gold;3,9;6399
GIONEE;Mocha Gold;4;15999
GIONEE;Black;4,1;9599
GIONEE;Latte Gold;4;15999
GIONEE;Gold;3,7;7350
GIONEE;Gold;3,9;8990
GIONEE;Blue;4,1;9490
GIONEE;Black;4,1;9490
GIONEE;Black;4,1;7899
GIONEE;Black;3,5;3999
GIONEE;Gold;3,8;5990
GIONEE;Blue;4,1;9250
GIONEE;Blue;4,2;7900
GIONEE;Gold;3,9;5999
GIONEE;Gold;4,1;10499
GIONEE;White;3,7;5555
GIONEE;Gold;4;7675
GIONEE;Black;4;7899
GIONEE;Gold;2,7;9290
GIONEE;Grey;3,9;5950
GIONEE;White;3,5;6598
GIONEE;Silver;3,8;7999
GIONEE;Gold;3,6;7997
GIONEE;Pearl White;4;4489
GIONEE;Royal Blue;2,8;8539
GIONEE;Gold;2,8;8389
GIONEE;Black;3,5;3499
GIONEE;Rose Gold;3,6;8000
GIONEE;Blue;4;6999
GIONEE;Champagne Gold;4,1;14999
GIONEE;Black;4,1;6660
GIONEE;Polar Gold;4,1;8499
GIONEE;White;3,8;4790
GIONEE;Blue;3,7;4899
GIONEE;Black;4;4599
GIONEE;Gold;3,8;3599
GIONEE;Blue;3,8;3599
GIONEE;Blue;2,7;9964
GIONEE;Red;3,7;9199
GIONEE;Blue;4,1;7999
GIONEE;Yellow;3,8;3490
GIONEE;CHAMPAGNE GOLD;4,1;11999
GIONEE;Black;2,8;10990
GIONEE;White;3,8;2799
GIONEE;Black;3,5;7999
GIONEE;White;3,8;9999
GIONEE;White;3,6;3999
GIONEE;White;4,2;11500
GIONEE;Blue;4,1;9999
GIONEE;Grey;3,8;3990
GIONEE;Blue;4,3;6500
GIONEE;White;4,3;4200
GIONEE;White;3,5;3499
GIONEE;Black;3,6;2290
GIONEE;White;4,1;15999
GIONEE;Gold;3,8;7999
GIONEE;Dark Blue;3,7;8950
GIONEE;Grey;3,7;4150
GIONEE;White;3,6;3490
GIONEE;Rose Gold;3,8;6600
Nokia;Black;4,2;1349
Nokia;Black;4,2;1340
Nokia;Black;4,2;1332
Nokia;Black;4,1;1344
Nokia;Black;4,2;1399
Nokia;Black;4,1;1695
Nokia;Black;4,2;2875
Nokia;Black;4,1;2440
Nokia;Black;4,1;1680
Nokia;Black;4,1;2480
Nokia;Black;4,2;1490
Nokia;Black;4,2;1349
Nokia;Black;3,8;2249
Nokia;Black;4,1;3429
Nokia;Black;3,8;3886
Nokia;Fjord;3,9;11999
Nokia;Black;3,9;2142
Nokia;Black;4,1;2533
Nokia;Black;4,1;1680
Nokia;Black;3,8;3999
Nokia;Grey;3,8;9999
Nokia;Polar Night;3,9;14499
Nokia;Black;3,8;3974
Nokia;Black;4,2;1149
Nokia;Charcoal Grey;4;10399
Nokia;Nordic Blue;3,7;7290
Nokia;Grey;4,4;8999
Nokia;Blue;3,8;9999
Nokia;Black;3,9;2349
Nokia;Blue;4,4;8999
Nokia;Black;4,2;3740
Nokia;Sand;3,8;9999
Nokia;Dusk;3,9;11999
Nokia;Charcoal;3,9;11999
Nokia;Black;4,2;2499
Nokia;Black;3,7;3162
Nokia;Black;3,7;3896
Nokia;Black;3,7;4399
Nokia;Black;4,2;2450
Nokia;Dusk;3,9;14499
Nokia;Charcoal;4;9999
Nokia;Black;3,6;3220
Nokia;Blue;3,8;56299
Nokia;Dusk;3,9;12999
Nokia;Polar Night;3,9;12999
Nokia;Black;4,2;1399
Nokia;Fjord Blue;4;10399
Nokia;Dusk Purple;4;10399
Nokia;Nordic Blue;3,8;7499
Nokia;Black;4,2;2000
Nokia;Black;4,2;1400
Nokia;Black;4,1;2200
Nokia;Black;4,2;1600
Nokia;Black;4,2;1600
Nokia;Black;4,2;1900
Nokia;Black;4,2;1900
Nokia;Black;4,2;1660
Nokia;Sand;3,7;7299
Nokia;Black;4,2;1500
Nokia;Black;3,7;3899
Nokia;Black;4,1;10499
Nokia;Black;3,8;3499
Nokia;Black;4,3;13199
Nokia;Black;4,2;1625
Nokia;Black;4,2;1000
Nokia;Black;4,3;1000
Nokia;Black;4,2;1860
Nokia;Black;3,8;9999
Nokia;Black;4,1;11999
Nokia;Copper;4,2;14927
Nokia;Black;4;6500
Nokia;Matte Black;4,1;12499
Nokia;Dark Blue;3,9;4800
Nokia;Black;3,9;1400
Nokia;Grey / Silver;4;7739
Nokia;Warm Red;3,9;4672
Nokia;Gold;4;18300
Nokia;Black;4,1;3100
Nokia;Matte Black;3,9;13999
Nokia;Copper/Black;3,8;7007
Nokia;Blue & Silver;4;7712
Nokia;Black;3,9;9999
Nokia;Black;3,9;10000
Nokia;Silver White;3,9;8588
Nokia;Black&Blue;4;16300
Nokia;Sand;4;9999
Nokia;Cyan Green;4;9999
Nokia;Black;4,2;2149
Nokia;Black;3,7;3599
Nokia;Black;4,2;2540
Nokia;Cyan Green;4;8449
Nokia;Black;4;2999
Nokia;Black;4;8599
Nokia;Gold;4,2;17979
Nokia;Copper;4,1;15299
Nokia;Black;4,3;40699
Nokia;Charcoal;4,2;7088
Nokia;Baltic;4,2;10440
Nokia;White;3,8;7399
Nokia;Black;3,6;1599
Nokia;Black;4;3499
Nokia;Black;4;9599
Nokia;Iron;4,2;17979
Nokia;Black;4,2;1560
Nokia;Steel;4;9599
Nokia;Yellow;3,7;3400
Nokia;Steel;4,1;12399
Nokia;Pewter / White;3,8;6295
Nokia;White;4,3;13199
Nokia;Copper;4;12999
Nokia;White;4;17000
Nokia;Tempered Blue;3,9;10899
Nokia;Matte Black;3,9;5290
Nokia;White;4,2;7399
Nokia;Black;4,3;29990
Nokia;Tempered Blue;4,1;16199
Nokia;Black;4;4196
Nokia;Silver;3,9;7999
Nokia;Gold;4;9500
Nokia;SAND;3,7;12999
Nokia;CYAN;3,7;12999
Nokia;White;4,1;17599
Nokia;Black;4;6990
Nokia;White;4;7490
Nokia;Blue;4,1;11990
Nokia;Dark Grey;4;5999
Nokia;Blue;4,3;28831
Nokia;Charcoal;4,1;19999
Nokia;Charcoal;4,1;20999
Nokia;Cyan Green;4,1;20999
Nokia;Ice;4,1;20999
Nokia;Ice;4,1;19999
Nokia;Cyan Green;4,1;19999
Nokia;Black;3,7;3000
Nokia;Silver;4,1;7139
Nokia;Gold;4;7890
Nokia;CHARCOAL;3,5;10999
Nokia;Blue;4,1;11199
Nokia;Silver;4;6741
Nokia;Tempered Blue;4;6400
Nokia;Copper;4;6999
Nokia;Steel;3,8;10199
Nokia;Blue;4,3;22999
Nokia;Black;3,7;6699
Nokia;Bright Green;4,2;9999
Nokia;White;4,3;18599
Nokia;Black;3,9;1519
Nokia;Steel;4;8599
Nokia;CYAN;3,5;11989
Nokia;Black;4,3;13199
Nokia;Black;4,1;9990
Nokia;Black;4;10999
Nokia;White & Copper;4,3;15999
Nokia;Matte Black;3,9;19499
Nokia;Black;4,1;11490
Nokia;CHARCOAL;3,7;12999
Nokia;Black;3,8;4300
Nokia;Black;4,1;2860
Nokia;Blue;4,1;9975
Nokia;Ice;4,2;13790
Nokia;Pink Sand;4;13699
Nokia;Steel;4,1;12998
Nokia;Steel;4;36999
Nokia;Polished Copper;4;39000
Nokia;Copper White;3,9;5499
Nokia;Black;4;7899
Nokia;Black;3,6;3499
Nokia;Black;3,6;3499
Nokia;Blue;4,3;18599
Nokia;Yellow;3,6;3799
Nokia;Matte Black;4;6999
Nokia;Black;3,7;14999
Nokia;White;4;12499
Nokia;Tempered Blue;4;36999
Nokia;Polished Blue;4;36999
Nokia;Blue;4,2;8299
Nokia;Black;4,2;12849
Nokia;Black;3,8;2790
Nokia;SAND;3,5;10999
Nokia;Bright Red;3,7;3499
Nokia;Iron;4,3;21999
Nokia;Bright Green;3,8;7990
Nokia;Polished Blue;4;29490
Nokia;Tempered Blue;3,9;13990
Nokia;Blue;3,7;9900
Nokia;Black;3;8999
Nokia;Black & Copper;4,3;12000
Apple;White;4,5;32999
Apple;Black;4,5;32999
Apple;Red;4,5;32999
Apple;Red;4,6;42999
Apple;Green;4,5;61999
Apple;Blue;4,6;47999
Apple;Blue;4,5;61999
Apple;White;4,6;47999
Apple;Red;4,5;44900
Apple;White;4,5;44900
Apple;Yellow;4,6;49900
Apple;Blue;4,6;68999
Apple;Black;4,5;44900
Apple;White;4,6;78999
Apple;Red;4,6;68999
Apple;White;4,6;63999
Apple;White;4,5;56999
Apple;Purple;4,5;61999
Apple;Black;4,6;78999
Apple;Red;4,6;47999
Apple;Green;4,6;68999
Apple;Black;4,5;61999
Apple;Red;4,5;56999
Apple;Black;4,5;56999
Apple;Yellow;4,6;47999
Apple;Yellow;4,6;54900
Apple;Red;4,5;61999
Apple;Green;4,5;56999
Apple;Red;4,6;54900
Apple;Red;4,5;54900
Apple;Purple;4,5;56999
Apple;Yellow;4,6;47999
Apple;White;4,6;49900
Apple;Green;4,6;49900
Apple;Black;4,6;68999
Apple;Purple;4,6;49900
Apple;Blue;4,6;63999
Apple;White;4,6;68999
Apple;Blue;4,5;71999
Apple;Red;4,6;42999
Apple;Black;4,6;42999
Apple;Silver;4,6;149900
Apple;Black;4,6;47999
Apple;White;4,6;42999
Apple;Blue;4,6;78999
Apple;Red;4,6;63999
Apple;Red;4,5;71999
Apple;White;4,6;54900
Apple;Blue;4,5;56999
Apple;Green;4,6;63999
Apple;White;4,5;54900
Apple;White;4,5;61999
Apple;Green;4,6;78999
Apple;Coral;4,6;47999
Apple;Pacific Blue;4,6;119900
Apple;White;4,5;71999
Apple;Black;4,6;63999
Apple;Purple;4,5;71999
Apple;Midnight Green;4,7;117100
Apple;Black;4,6;42999
Apple;Gold;4,6;109900
Apple;Gold;4,6;139900
Apple;Green;4,5;71999
Apple;Blue;4,6;42999
Apple;Gold;4,7;117100
Apple;Black;4,5;71999
Apple;White;4,5;54900
Apple;Silver;4,6;109900
Apple;Graphite;4,6;109900
Apple;Red;4,6;59900
Apple;Gold;4,6;119900
Apple;Silver;4,6;139900
Apple;Green;4,6;54900
Apple;Space Grey;4,7;117100
Apple;Midnight Green;4,6;140300
Apple;Graphite;4,6;149900
Apple;Gold;4,6;149900
Apple;Black;4,6;49900
Apple;Silver;4,6;49900
Apple;Pacific Blue;4,6;149900
Apple;Gold;4,7;134900
Apple;Gold;4,5;38999
Apple;Gold;4,6;49900
Apple;Gold;4,6;129900
Apple;Space Grey;4,6;84900
Apple;Red;4,6;78999
Apple;Graphite;4,6;119900
Apple;Silver;4,6;84900
Apple;Black;4,5;54900
Apple;Pacific Blue;4,6;129900
Apple;Space Grey;4,6;49900
Apple;Space Grey;4,7;134900
Apple;Space Grey;4,5;77000
Apple;Silver;4,6;119900
Apple;Silver;4,6;119900
Apple;Graphite;4,6;139900
Apple;Pacific Blue;4,6;119900
Apple;Pacific Blue;4,6;109900
Apple;Gold;4,6;119900
Apple;Space Grey;4,6;140300
Apple;Gold;4,7;131900
Apple;Gold;4,4;49999
Apple;Coral;4,6;42999
Apple;Gold;4,6;140300
Apple;Red;4,7;38999
Apple;Silver;4,6;79999
Apple;White;4,6;54900
Apple;Space Grey;4,5;39999
Apple;Silver;4,6;144900
Apple;Red;5;85400
Apple;Silver;4,5;25299
Apple;Gold;4,6;79999
Apple;Midnight Green;4,6;79999
Apple;Silver;4,6;140300
Apple;Black;4,5;24999
Apple;Space Grey;4,7;76999
Apple;Space Grey;4,7;62999
Apple;Space Grey;4,6;79999
Apple;Jet Black;4,5;24999
Apple;Rose Gold;4,4;34900
Apple;Gold;4,5;36999
Apple;Gold;4,6;84900
Apple;Silver;4,6;121300
Apple;Red;4,7;74400
Apple;Black;4,5;34900
Apple;Gold;4,4;62500
Apple;Space Grey;4,5;25299
Apple;Rose Gold;4,5;24999
Apple;Silver;4,7;76999
Apple;Black;4,5;42900
Apple;Silver;4,5;36999
Apple;Midnight Green;4,6;121300
Apple;Rose Gold;4,5;31999
Apple;Gold;4,5;24999
Apple;Midnight Green;4,7;131900
Apple;White;4,5;32999
Apple;Red;4,6;47999
Apple;Red;4,6;49900
Apple;Red;4,6;49900
Apple;White;4,5;44900
Apple;Black;4,6;54900
Apple;Yellow;4,6;64900
Apple;Red;4,5;54900
Apple;Purple;4,6;63999
Apple;Coral;4,6;42999
Apple;Yellow;4,6;42999
Apple;Red;4,5;32999
Apple;Green;4,6;49900
Apple;Black;4,5;44900
Apple;Graphite;4,6;129900
Apple;Graphite;4,6;119900
Apple;White;4,6;64900
Apple;Purple;4,6;64900
Apple;Black;4,6;64900
Apple;Red;4,5;44900
Apple;Yellow;4,6;64900
Apple;Purple;4,6;68999
Apple;Purple;4,6;54900
Apple;Blue;4,6;42999
Apple;Red;4,6;64900
Apple;Yellow;4,6;42999
Apple;Green;4,6;54900
Apple;Black;4,6;64900
Apple;Silver;4,7;131900
Apple;Red;4,7;81500
Apple;Coral;4,6;91900
Apple;Purple;4,6;64900
Apple;Blue;4,6;91900
Apple;Yellow;4,6;54900
Apple;Red;4,6;64900
Apple;Space Grey;4,7;131900
Apple;Space Grey;4,6;73999
Apple;Red;4,6;91900
Apple;White;4,6;91900
Apple;Red;4,6;54900
Apple;Black;4,5;54900
Apple;Purple;4,6;78999
Apple;Purple;4,6;49900
Apple;Space Grey;4,4;44999
Apple;Silver;4,7;117100
Apple;Green;4,6;64900
Apple;White;4,6;64900
Apple;Silver;4,5;48999
Apple;Space Grey;4,6;140300
Apple;Gold;4,7;131900
Apple;Gold;4,4;49999
Apple;Coral;4,6;42999
Apple;Gold;4,6;140300
Apple;Red;4,7;38999
Apple;Silver;4,6;79999
Apple;White;4,6;54900
Apple;Space Grey;4,5;39999
Apple;Silver;4,6;144900
Apple;Red;5;85400
Apple;Silver;4,5;25299
Apple;Gold;4,6;79999
Apple;Midnight Green;4,6;79999
Apple;Silver;4,6;140300
Apple;Black;4,5;24999
Apple;Space Grey;4,7;76999
Apple;Space Grey;4,7;62999
Apple;Space Grey;4,6;79999
Apple;Jet Black;4,5;24999
Apple;Rose Gold;4,4;34900
Apple;Gold;4,5;36999
Apple;Gold;4,6;84900
Apple;Silver;4,6;121300
Apple;Red;4,7;74400
Apple;Black;4,5;34900
Apple;Gold;4,4;62500
Apple;Space Grey;4,5;25299
Apple;Rose Gold;4,5;24999
Apple;Silver;4,7;76999
Apple;Black;4,5;42900
Apple;Silver;4,5;36999
Apple;Midnight Green;4,6;121300
Apple;Rose Gold;4,5;31999
Apple;Gold;4,5;24999
Apple;Midnight Green;4,7;131900
Apple;Gold;4,5;25299
Apple;Rose Gold;4,5;25299
Apple;Black;4,6;91900
Apple;Silver;4,4;36990
Apple;Gold;4,4;49999
Apple;Yellow;4,6;91900
Apple;Coral;4,6;47999
Apple;Silver;4,5;24999
Apple;Midnight Green;4,7;150800
Apple;Rose Gold;4,4;70000
Apple;Silver;4,5;85400
Apple;Jet Black;4,5;34900
Apple;Gold;4,5;49999
Apple;Jet Black;4,5;85400
Apple;Purple;4,6;54900
Apple;Gold;4,5;55999
Apple;Space Grey;4,7;150800
Apple;Gold;4,4;36499
Apple;Rose Gold;4,4;49999
Apple;Red;4,6;49900
Apple;Gold;4,5;41999
Apple;Silver;4,4;49999
Apple;Grey;4,4;71500
Apple;Silver;4,7;150800
Apple;Gold;4,4;59999
Apple;Space Grey;4,4;59999
Apple;Silver;4,5;49999
Apple;Gold;4,6;144900
Apple;Silver;4,6;91900
Apple;Silver;4,5;42900
Apple;Silver;4,7;134900
Apple;Gold;4,4;30780
Apple;Space Grey;4,4;30780
Apple;Silver;4,4;71500
Apple;Rose Gold;4,4;59999
Apple;Space Grey;4,4;34900
Apple;Rose Gold;4,5;85400
Apple;Space Grey;4,4;52000
Apple;Rose Gold;4,5;36999
Apple;Space Grey;4,5;62000
Apple;Silver;4,5;38999
Apple;Gold;4,5;85400
Apple;Gold;4,6;73999
Apple;Silver;4,6;73999
Apple;Gold;4,4;34900
Apple;Silver;4,5;48999
Apple;Gold;4,7;76999
Apple;Space Grey;4,5;48999
Apple;Silver;4,7;62999
Apple;Jet Black;4,5;42900
Apple;Gold;4,5;42900
Apple;Black;4,5;85400
Apple;Silver;4,5;34900
Apple;Silver;4,5;55999
Apple;Silver;4,4;34900
Apple;Gold;4,6;121300
Apple;Red;4,5;42900
Apple;Rose Gold;4,5;34900
Apple;Gold;4,7;62999
Apple;Gold;4,7;62999
Apple;Silver;4,6;78999
Apple;Red;4,5;34900
Apple;Space Grey;4,6;99900
Apple;Rose Gold;4,5;42900
Apple;Silver;4,4;59999
Apple;Gold;4,6;78999
Apple;Space Grey;4,6;144900
Apple;Black;4,5;74400
Apple;Silver;4,5;40999
Apple;Gold;4,5;74400
Apple;Space Grey;4,6;78999
Apple;Rose Gold;4,5;74400
Apple;Space Gray;4,6;106900
Apple;Jet Black;4,5;74400
Apple;Rose Gold;4,5;72000
Apple;Silver;4,4;70000
Apple;Black;4,6;49900
Apple;Silver;4,5;74400
Apple;Space Grey;4,5;80500
Apple;Gold;4,5;71500
Apple;Yellow;4,6;49900
Apple;Silver;4,4;62000
Apple;Silver;4,6;129900
Apple;Silver;4,6;106900
Apple;Black;4,6;54900
Apple;Space Grey;4,5;49999
Apple;Green;4,6;64900
Apple;Rose Gold;4,5;55999
Apple;Space Grey;4,4;72000
Apple;Jet Black;4,5;36999
Apple;Silver;4,5;41999
Apple;Space Gray;4,6;91900
SAMSUNG;Denim Blue;4,3;14999
SAMSUNG;Denim Blue;4,3;12999
SAMSUNG;Denim Black;4,3;14999
SAMSUNG;Denim Black;4,3;12999
SAMSUNG;Sky Blue;4,2;11499
SAMSUNG;Sea Green;4,2;11499
SAMSUNG;Mirage Blue;4,3;20949
SAMSUNG;Blue;4,2;9539
SAMSUNG;Celestial Black;4,2;11499
SAMSUNG;Black;4,3;1200
SAMSUNG;Blue;4;8299
SAMSUNG;Blue;4,2;15999
SAMSUNG;Black;4,3;18499
SAMSUNG;Sky Blue;4,2;12499
SAMSUNG;Mint;4,3;19818
SAMSUNG;Blue;4,2;11510
SAMSUNG;Ocean Blue;4,3;17845
SAMSUNG;Black;4,2;9639
SAMSUNG;Black;4,2;11989
SAMSUNG;Grey;4;8850
SAMSUNG;Blue;4,2;12144
SAMSUNG;Sea Green;4,2;12499
SAMSUNG;Arctic blue;4;13224
SAMSUNG;Celestial Black;4,2;12499
SAMSUNG;Mint;4,2;23596
SAMSUNG;Blue;4,2;14839
SAMSUNG;Mirage Black;4,3;19330
SAMSUNG;White;4,2;15999
SAMSUNG;Black;4;8229
SAMSUNG;Blue;3,9;14999
SAMSUNG;Black;4,3;2340
SAMSUNG;Black;4;8897
SAMSUNG;Space Black;4,3;16299
SAMSUNG;Black;4,2;17499
SAMSUNG;Grey;4,2;21999
SAMSUNG;Cream;4,3;88999
SAMSUNG;Blue;4,2;9990
SAMSUNG;Black;4,2;12499
SAMSUNG;Diamond Blue;4,2;9499
SAMSUNG;Awesome Black;4,3;34999
SAMSUNG;Mirage Black;4,3;19725
SAMSUNG;Ocean Blue;4,3;18654
SAMSUNG;Light Blue;4,2;14690
SAMSUNG;Prism Crush Blue;4,3;22499
SAMSUNG;White;3,9;14999
SAMSUNG;Cream;4,3;84999
SAMSUNG;Black;4,2;14749
SAMSUNG;White;4,2;14490
SAMSUNG;Phantom Black;4,3;84999
SAMSUNG;Grey;4,3;19979
SAMSUNG;Laser Grey;4,2;23999
SAMSUNG;Black;3,9;15843
SAMSUNG;Awesome White;4,5;37499
SAMSUNG;Black;4,3;17578
SAMSUNG;Black;4,3;11299
SAMSUNG;Awesome Black;4,5;37499
SAMSUNG;Laser Blue;4,2;23999
SAMSUNG;Grey;4;8289
SAMSUNG;Silver;4,2;17499
SAMSUNG;Blue;4,2;17499
SAMSUNG;Prism Black;4,5;49999
SAMSUNG;Fusion Green;4,3;15999
SAMSUNG;Laser Green;4,2;23999
SAMSUNG;Black;3,9;16499
SAMSUNG;Awesome Black;4,3;27499
SAMSUNG;Black;3,9;14999
SAMSUNG;Black;4,2;11744
SAMSUNG;Mint;4,3;18499
SAMSUNG;Awesome Blue;4,1;21700
SAMSUNG;Awesome Black;4,3;27499
SAMSUNG;Awesome Blue;4,1;21700
SAMSUNG;Black;3,9;14999
SAMSUNG;Mint;4,3;18499
SAMSUNG;Mirage Blue;4,3;19178
SAMSUNG;Black;4;11499
SAMSUNG;Diamond Black;4,2;10499
SAMSUNG;Black;4,2;15199
SAMSUNG;Blue;4,2;12499
SAMSUNG;Prism White;4,6;92000
SAMSUNG;Black;4,2;14999
SAMSUNG;Ocean Blue;4,3;16999
SAMSUNG;White;3,9;16499
SAMSUNG;Violet;4,3;11699
SAMSUNG;Red;3,9;7399
SAMSUNG;White;3,9;15989
SAMSUNG;Awesome Violet;4,5;37499
SAMSUNG;Celestial Black;4,3;24990
SAMSUNG;Space Black;4,3;19990
SAMSUNG;Blue;4,2;14999
SAMSUNG;Mystic Bronze;4,3;77999
SAMSUNG;Black;4,3;1625
SAMSUNG;Awesome Blue;4,4;28999
SAMSUNG;Blue;3,9;15271
SAMSUNG;Aura Black;4,3;39990
SAMSUNG;Violet;4,2;11745
SAMSUNG;Haze Crush Silver;4,4;27499
SAMSUNG;Black;4,3;1625
SAMSUNG;Black;4,2;11290
SAMSUNG;Black;4,3;1375
SAMSUNG;Black;4,3;1625
SAMSUNG;Prism Crush Red;4,3;30500
SAMSUNG;Black;4,2;2025
SAMSUNG;Black;4,2;15999
SAMSUNG;Black;4,3;1100
SAMSUNG;Black;3,9;5999
SAMSUNG;Black;4,2;1890
SAMSUNG;Black;4,2;1445
SAMSUNG;White;4,2;11730
SAMSUNG;Phantom Black;4,4;157999
SAMSUNG;Mirage Blue;4,3;21950
SAMSUNG;Iceberg blue;4,3;17989
SAMSUNG;Violet;4,3;20696
SAMSUNG;Violet;4,2;22450
SAMSUNG;Black;4,1;1549
SAMSUNG;Blue;4,1;10398
SAMSUNG;Violet;4,2;11745
SAMSUNG;Black;4,2;1445
SAMSUNG;White;4,2;11730
SAMSUNG;Phantom Black;4,4;157999
SAMSUNG;Blue;4,2;15399
SAMSUNG;Metallic Blue;4,2;11745
SAMSUNG;Black;4,3;1450
SAMSUNG;Black;4,3;1450
SAMSUNG;Black;4,2;1450
SAMSUNG;Blue;3,9;5999
SAMSUNG;Prism Crush Violet;4,3;14999
SAMSUNG;Black;4,2;1700
SAMSUNG;Midnight Black;4,5;70000
SAMSUNG;Black;4,1;2599
SAMSUNG;Diamond Black;4,2;9499
SAMSUNG;Black;4,2;15490
SAMSUNG;Gold;4,3;13999
SAMSUNG;Space Black;4,3;17888
SAMSUNG;Blue;4,4;25600
SAMSUNG;Gold;4,2;8490
SAMSUNG;Black;4,2;13984
SAMSUNG;Awesome Black;4,3;35999
SAMSUNG;Diamond White;4,2;9499
SAMSUNG;Black;4,3;30900
SAMSUNG;Black;4,3;17575
SAMSUNG;Mystic Blue;4,3;54599
SAMSUNG;White;4,2;12499
SAMSUNG;Prism Crush Black;4,3;14999
SAMSUNG;White;4,2;19999
SAMSUNG;Black;4,2;2336
SAMSUNG;Prism Crush Black;4,3;18999
SAMSUNG;White;4,2;17999
SAMSUNG;Awesome Blue;4,3;27810
SAMSUNG;Metallic Blue;4,3;12499
SAMSUNG;Black;4,2;2299
SAMSUNG;Black;4,2;14859
SAMSUNG;Blue;4;11499
SAMSUNG;Blue;3,9;4999
SAMSUNG;White;4,2;13999
SAMSUNG;Phantom Black;4,4;149999
SAMSUNG;Black;4,1;2399
SAMSUNG;Gold;4,4;25999
SAMSUNG;Black;4,2;8490
SAMSUNG;White;4;11499
SAMSUNG;Black;4,2;2282
SAMSUNG;Mystic Bronze;4,5;91999
SAMSUNG;Light Blue;4,2;10999
SAMSUNG;Black;4,1;3013
SAMSUNG;Black;4,3;14900
SAMSUNG;Gold;4,2;16879
SAMSUNG;Mystic Green;4,3;77999
SAMSUNG;Cloud Navy;4;49999
SAMSUNG;Prism Crush Black;4,3;18199
SAMSUNG;Cloud White;4;49999
SAMSUNG;Blue;4,4;17990
SAMSUNG;Blue;4,2;6500
SAMSUNG;Blue;4,4;12990
SAMSUNG;Gold;4,5;14990
SAMSUNG;Prism Crush White;4,3;30500
SAMSUNG;Black;4,1;3062
SAMSUNG;Deep Blue;4,3;12900
SAMSUNG;Black;4,2;2050
SAMSUNG;Black;4,3;11000
SAMSUNG;Black;4,5;14990
SAMSUNG;Blue;4;8892
SAMSUNG;Midnight Blue;4,3;15990
SAMSUNG;Gold;4,3;7500
SAMSUNG;Black;4,3;14995
SAMSUNG;Gradation Blue;4,4;13995
SAMSUNG;Gold;4,3;12000
SAMSUNG;Prism Dot Black;4,3;29998
SAMSUNG;Black;4,3;17962
SAMSUNG;Black;4,3;17962
SAMSUNG;Black;4,3;7999
SAMSUNG;Black;4,3;11490
SAMSUNG;Black;4,2;6500
SAMSUNG;Caviar Black;4,3;30990
SAMSUNG;Blue;3,9;16499
SAMSUNG;Black;4,3;14000
SAMSUNG;Blue;4,3;13600
SAMSUNG;Black;4,3;2290
SAMSUNG;Mystic Bronze;3;149999
SAMSUNG;Black;3,9;4999
SAMSUNG;White;4,3;15299
SAMSUNG;Cosmic Gray;4,2;103000
SAMSUNG;Gold;4,3;12900
SAMSUNG;Mystic Black;4,5;91999
SAMSUNG;Ocean Blue;4,6;59999
SAMSUNG;Gold;4,3;8700
SAMSUNG;Black;4,1;2299
SAMSUNG;Gold;4,2;6200
SAMSUNG;Seawater Blue;4,1;19999
SAMSUNG;White;4,1;6799
SAMSUNG;White;4,4;24000
SAMSUNG;Black;4;3000
SAMSUNG;Blue;4,4;21990
SAMSUNG;Absolute black;4,2;6000
SAMSUNG;Gold;4,4;10995
SAMSUNG;Gold;4,1;15999
SAMSUNG;Red;4,3;8700
SAMSUNG;Ceramic Black;4,6;91900
SAMSUNG;Gold;4,2;10990
SAMSUNG;Blue;4,3;16990
SAMSUNG;Blue;4,4;18000
SAMSUNG;Blue;4,2;13023
SAMSUNG;Celestial Black;4,4;27999
SAMSUNG;Black;4,3;23748
SAMSUNG;Pink;4,3;6799
SAMSUNG;Blue;4,3;7990
SAMSUNG;Ceramic White;4,5;117990
SAMSUNG;Gold;4,3;9500
SAMSUNG;Gold;4;14500
SAMSUNG;Gold;4,3;17889
SAMSUNG;Black;4,2;8780
SAMSUNG;White Pearl;4;44900
SAMSUNG;Red;4;8083
SAMSUNG;Black;4,1;1599
SAMSUNG;Red;4;7900
SAMSUNG;Green;4,4;9840
SAMSUNG;Phantom Black;4,5;105999
SAMSUNG;Black;4,2;10990
SAMSUNG;Gold;4,4;12990
SAMSUNG;Blue;4,3;9500
SAMSUNG;Black;4,3;8990
SAMSUNG;Black;4,4;17500
SAMSUNG;Black;4,1;2299
SAMSUNG;Black;4,4;11995
SAMSUNG;Black;4,3;13800
SAMSUNG;Black Sapphire;4;37299
SAMSUNG;Blue;4,4;18990
SAMSUNG;Gold Sand;3,8;25900
SAMSUNG;Black;4,4;21990
SAMSUNG;Red;4,3;13600
SAMSUNG;Black;4,3;13500
SAMSUNG;Gold;4,3;9499
SAMSUNG;Blue;4,5;9490
SAMSUNG;Gold;4,2;29990
SAMSUNG;Black;4,4;13500
SAMSUNG;Gold;4,4;19500
SAMSUNG;Black;4;14500
SAMSUNG;Black;4,4;19500
SAMSUNG;Black;3,6;3200
SAMSUNG;Electric Blue;4,4;22999
SAMSUNG;Prism Crush Blue;4,3;16999
SAMSUNG;Black;4,3;1448
SAMSUNG;Diamond Blue;4,2;10499
SAMSUNG;Black;4,3;1882
SAMSUNG;Violet;4,2;22450
SAMSUNG;Laser Blue;4,3;25999
SAMSUNG;Fusion Blue;4,3;14499
SAMSUNG;Angel Gold;4,4;28490
SAMSUNG;Fusion Green;4,3;14499
SAMSUNG;Fusion Blue;4,3;15999
SAMSUNG;Red;4,1;9999
SAMSUNG;Awesome Black;4,4;28999
SAMSUNG;Awesome Violet;4,3;34999
SAMSUNG;Fusion Black;4,3;14499
SAMSUNG;Black;4,2;1435
SAMSUNG;Black;4,4;16980
SAMSUNG;Awesome Blue;4,3;34999
SAMSUNG;White;4,3;14990
SAMSUNG;Blue;4,3;11599
SAMSUNG;Awesome Violet;4,3;35999
SAMSUNG;Violet;4,3;19999
SAMSUNG;Awesome Blue;4,3;37999
SAMSUNG;Midnight Blue;4,1;14300
SAMSUNG;Blue;4,2;14999
SAMSUNG;Haze Crush Silver;4,3;20999
SAMSUNG;Shimmery White;3,9;21999
SAMSUNG;Black;4,1;11499
SAMSUNG;Black;4,3;14990
SAMSUNG;Red;4,2;8999
SAMSUNG;Black;4,2;14999
SAMSUNG;Phantom Black;4,4;71999
SAMSUNG;Green;4,3;11599
SAMSUNG;Black;4,1;2899
SAMSUNG;Laser Grey;4,3;25999
SAMSUNG;Prism Crush Black;4,3;20999
SAMSUNG;Mystic Black;3;149999
SAMSUNG;Caviar Black;4,4;19990
SAMSUNG;Phantom Gray;4,3;73999
SAMSUNG;White;4,2;14999
SAMSUNG;Aura Glow;4,3;39999
SAMSUNG;Prism Dot Black;4,3;21450
SAMSUNG;Blue;4,4;24600
SAMSUNG;Black;4,4;19990
SAMSUNG;Prism Dot Gray;4,3;24499
SAMSUNG;Gold;4,2;6999
SAMSUNG;Black;4,2;6999
SAMSUNG;Black;4,2;1100
SAMSUNG;Cloud Blue;4,4;54999
SAMSUNG;Dark Gray;4,2;5900
SAMSUNG;Ocean Blue;4,3;8190
SAMSUNG;Space Black;4,3;16750
SAMSUNG;Blue;4,2;6999
SAMSUNG;Iris Charcoal;3,9;4890
SAMSUNG;Diamond White;4,2;10499
SAMSUNG;Black;4,2;2870
SAMSUNG;Black;4,3;9000
SAMSUNG;Black;4,4;10000
SAMSUNG;Black;4,1;2849
SAMSUNG;Laser Green;4,3;25999
SAMSUNG;Prism Crush White;4,3;22499
SAMSUNG;Red;3,9;5990
SAMSUNG;Blue;4,3;11000
SAMSUNG;Midnight Black;4,6;49999
SAMSUNG;White;3,9;4890
SAMSUNG;Black;4,1;16999
SAMSUNG;Black;4,1;1497
SAMSUNG;Phantom Violet;4,3;69999
SAMSUNG;Prism Crush Blue;4,3;20999
SAMSUNG;Midnight Black;4,4;62500
SAMSUNG;Gold;4,1;17490
SAMSUNG;Black;4,2;3271
SAMSUNG;Gold;4,1;17490
SAMSUNG;Black;4,2;3271
SAMSUNG;Iceberg Blue;4,3;13760
SAMSUNG;Black;3,6;4790
SAMSUNG;Gold;4,2;5900
SAMSUNG;Ocean Blue;4,3;8690
SAMSUNG;Prism Crush Blue;4,4;27499
SAMSUNG;Black;4,2;10990
SAMSUNG;Red;4,4;18000
SAMSUNG;Stainless Black;4,4;9100
SAMSUNG;Lemonade Blue;4,3;39000
SAMSUNG;Blue;4,3;30900
SAMSUNG;Black;3,9;4988
SAMSUNG;White;3,5;3990
SAMSUNG;Ocean Blue;4,3;11999
SAMSUNG;Green;4,3;13695
SAMSUNG;White;4,4;18000
SAMSUNG;Black;4,3;7990
SAMSUNG;Blue;4,3;17600
SAMSUNG;White;4,3;11390
SAMSUNG;Haze Crush Silver;4,3;22499
SAMSUNG;black sapphire;3,9;46900
SAMSUNG;Gold;4,1;7400
SAMSUNG;Prism Crush White;4,3;14999
SAMSUNG;Ocean Blue;4,6;53999
SAMSUNG;Metallic Copper;4,6;73600
SAMSUNG;Prism White;4,6;39999
SAMSUNG;White Frost;3,8;20400
SAMSUNG;Prism Crush White;4,3;21099
SAMSUNG;IceBerg Blue;4,3;18699
SAMSUNG;Red;4,3;12900
SAMSUNG;Ocean Blue;4,2;9990
SAMSUNG;White;4,3;26900
SAMSUNG;Gold;4,3;14990
SAMSUNG;Charcoal Black;4,3;8650
SAMSUNG;Phantom Violet;4,4;71999
SAMSUNG;Phantom Violet;4,4;75999
SAMSUNG;Black;4;6990
SAMSUNG;Lavender Purple;4,6;73600
SAMSUNG;White Pearl;4;44900
SAMSUNG;Blue;4,3;17990
SAMSUNG;Awesome Violet;4,1;21999
SAMSUNG;Prism Crush Black;4,3;21099
SAMSUNG;Phantom Violet;4,3;73999
SAMSUNG;Prism Crush Silver;4,4;27499
SAMSUNG;Green;4,4;10000
SAMSUNG;Black;4,2;8200
SAMSUNG;Prism Dot Gray;4,3;17000
SAMSUNG;Gold;4,3;13800
SAMSUNG;Prism Crush Black;4,3;17999
SAMSUNG;Aura Black;4,6;95000
SAMSUNG;Awesome Violet;4,4;28999
SAMSUNG;Prism Blue;4,5;45999
SAMSUNG;Prism Crush White;4,3;15899
SAMSUNG;Black;4,1;2940
SAMSUNG;Burgundy Red;4,6;49990
SAMSUNG;Silver;3,9;56999
SAMSUNG;White;4,1;20700
SAMSUNG;Gold;3,5;6200
SAMSUNG;Awesome Violet;4,3;37999
SAMSUNG;White;3,8;5499
SAMSUNG;Ghost White;4,4;29899
SAMSUNG;Blue;4;7454
SAMSUNG;Cloud Pink;4,3;74000
SAMSUNG;Black;4,2;2089
SAMSUNG;Lemonade Blue;4,4;36000
SAMSUNG;Black;4,1;2815
SAMSUNG;Coral Blue;4,4;61900
SAMSUNG;Frosted Gold;3,6;42000
SAMSUNG;Charcoal Black;3,6;22389
SAMSUNG;Burgundy Red;4,5;70000
SAMSUNG;Black;4,1;2699
SAMSUNG;Prism Crush White;4,3;20999
SAMSUNG;Aura Red;4,3;37999
SAMSUNG;White;3,7;7999
SAMSUNG;Prism Crush Black;4,3;30500
SAMSUNG;Black;4,1;20700
SAMSUNG;Phantom White;4,3;69999
SAMSUNG;Midnight Black;4,5;68900
SAMSUNG;Black;4,2;2849
SAMSUNG;Awesome Violet;4,3;27499
SAMSUNG;Black;4,3;16200
SAMSUNG;Black;3,5;3990
SAMSUNG;Midnight Black;4,4;61900
SAMSUNG;Coral Blue;4,5;70000
SAMSUNG;Orchid Grey;4,6;49999
SAMSUNG;Black Sky;4,1;22900
SAMSUNG;Gold;3,3;6990
SAMSUNG;Blue;4,3;9000
SAMSUNG;Prism Blue;4,6;59900
SAMSUNG;Black;4,3;11200
SAMSUNG;Pearl white;4,3;16999
SAMSUNG;Lilac Purple;4,5;68900
SAMSUNG;Blue;4,4;19990
SAMSUNG;Silver Titanium;4,1;46300
SAMSUNG;Blue;4,4;10000
SAMSUNG;Silver;4,1;8090
SAMSUNG;Gold Sand;4,1;22900
SAMSUNG;Black;4,2;3780
SAMSUNG;Deep Black;3,9;15999
SAMSUNG;Classic White;4,2;50650
SAMSUNG;Charcoal Grey;4;6499
SAMSUNG;Mint;4,3;16999
SAMSUNG;Phantom Black;4,4;75999
SAMSUNG;Gold;4,1;8090
SAMSUNG;Gold Platinum;4,1;46300
SAMSUNG;Ceramic White;4;6048
SAMSUNG;Champagne Gold;4;8190
SAMSUNG;black sapphire;4,1;46300
SAMSUNG;White Pearl;4;53900
SAMSUNG;Prism Crush White;4,3;17999
SAMSUNG;Gold;4,3;11200
SAMSUNG;Black;4,4;24600
SAMSUNG;Prism Crush Red;4,3;17999
SAMSUNG;Aura Red;4,3;39999
SAMSUNG;Black;4,2;19900
SAMSUNG;White;4,2;33500
SAMSUNG;Silver Titanium;3,9;38900
SAMSUNG;Prism White;4,6;59900
SAMSUNG;Black;4,4;1599
SAMSUNG;Blue;4,2;5900
SAMSUNG;White;4,1;14490
SAMSUNG;Lilac Purple;4,5;70000
SAMSUNG;Gold Platinum;4;53900
SAMSUNG;Charcoal Black;3,9;21999
SAMSUNG;Jet Black;4,2;21999
SAMSUNG;Black;4;7550
SAMSUNG;Lilac Purple;4,4;39900
SAMSUNG;Polaris Blue;4,5;70000
SAMSUNG;Copper Gold;3,9;21999
SAMSUNG;Coral Blue;4,5;68900
SAMSUNG;Black;4,1;1990
SAMSUNG;Gold;4,1;14490
SAMSUNG;Gold;4;7550
SAMSUNG;White;4,3;21000
SAMSUNG;Pearl White;4;10800
SAMSUNG;Black;4,3;17600
SAMSUNG;Sunrise Gold;4,5;68900
SAMSUNG;Silver;4;7200
SAMSUNG;Prism Black;4,5;40999
SAMSUNG;Lilac Purple;4,4;62500
SAMSUNG;Gold;4,2;25990
SAMSUNG;Alpine White;4,6;73600
SAMSUNG;White;4,3;11700
SAMSUNG;Electric Blue;3,9;21999
SAMSUNG;Black;4,2;25990
SAMSUNG;Chic White;4;14700
SAMSUNG;Black;4,1;2340
SAMSUNG;Coral Blue;4,4;62500
SAMSUNG;Gold;4,3;10490
SAMSUNG;Aura Black;4,5;73600
SAMSUNG;Prism Crush Violet;4,3;19900
SAMSUNG;White;3,8;13500
SAMSUNG;Charcoal Black;4,1;36900
SAMSUNG;Aura Black;4,6;59999
SAMSUNG;Gold;4,3;11700
SAMSUNG;Gold;4,1;5990
SAMSUNG;Black;4,2;2980
SAMSUNG;White Frost;3,9;40690
SAMSUNG;Black;4,3;11700
SAMSUNG;Aura Red;4,5;73600
SAMSUNG;Prism White;4,5;59000
SAMSUNG;Gold;4,3;13900
SAMSUNG;Black;4,3;13490
SAMSUNG;Black;4,3;22900
SAMSUNG;Blue Coral;4,4;41900
SAMSUNG;Black;4,1;7400
SAMSUNG;Metallic Copper;4,6;93000
SAMSUNG;Aura White;4,6;59999
SAMSUNG;Champagne Gold;4,1;19990
SAMSUNG;Silver Titanium;4,4;41900
SAMSUNG;Quartz Green;4,3;15499
SAMSUNG;Black;4,3;16989
SAMSUNG;Phantom Silver;4,4;75999
SAMSUNG;Phantom White;4,3;73999
SAMSUNG;Prism Black;4,5;59000
SAMSUNG;Aura Glow;4,6;59999
SAMSUNG;Phantom Black;4,3;116999
SAMSUNG;Aura Black;4,3;39999
SAMSUNG;Light Blue;4,4;16998
SAMSUNG;Prism White;4,5;40999
SAMSUNG;Pebble Blue;4,3;17000
SAMSUNG;Green;4,3;11000
SAMSUNG;Navy Blue;4,4;26600
SAMSUNG;Black Onyx;4,4;41900
SAMSUNG;Blue;4,3;14090
SAMSUNG;Gold;4,4;26600
SAMSUNG;Blue;4,3;13990
SAMSUNG;Gold;4;6990
SAMSUNG;Midnight Blue;4,2;15499
SAMSUNG;Black;4,1;1099
SAMSUNG;Charcoal Black;4,3;11990
SAMSUNG;Blue;4,3;10399
SAMSUNG;Awesome White;4,3;37999
SAMSUNG;Cloud Mint;4;49999
SAMSUNG;Wine Red;3,7;27330
SAMSUNG;Gold;4,3;12499
SAMSUNG;Prism Crush Violet;4,3;18900
SAMSUNG;Aura Glow;4,6;95000
SAMSUNG;Aura Glow;4,5;73600
SAMSUNG;Black;5;1949
SAMSUNG;Cosmic Gray;4,3;52905
SAMSUNG;Cloud Lavender;4;49999
SAMSUNG;Awesome White;4,3;34999
SAMSUNG;Gold;4,2;10990
SAMSUNG;Black;4,2;10990
SAMSUNG;White;4,2;10990
SAMSUNG;Ocean Blue;4,3;17194
SAMSUNG;Black;4,3;21000
SAMSUNG;Cloud Red;4;49999
SAMSUNG;Raven Black;4,2;15499
SAMSUNG;Black;4,1;9999
SAMSUNG;Black;4,1;2200
SAMSUNG;Phantom Silver;4,4;71999
SAMSUNG;Black;4,3;8700
SAMSUNG;Black;4,2;3499
SAMSUNG;Prism Blue;4,6;39999
SAMSUNG;Prism Black;4,6;39999
SAMSUNG;Black;3,4;5590
SAMSUNG;Black;4,2;15300
SAMSUNG;Phantom Black;4,4;29899
SAMSUNG;Gold;4;9833
SAMSUNG;Ocean Blue;4,3;10990
SAMSUNG;Iceberg Blue;4,2;15990
SAMSUNG;Gradation Black;4,4;13589
SAMSUNG;Phantom Gray;4,3;69999
SAMSUNG;Black;4,3;11599
SAMSUNG;IceBerg Blue;4,3;17259
SAMSUNG;Black;4,3;15499
SAMSUNG;Black;3,8;5795
SAMSUNG;Black;4,3;10399
SAMSUNG;Dazzling White;3,6;19999
SAMSUNG;White;4;7550
SAMSUNG;Aura Glow;4,3;37999
SAMSUNG;Gold;4,4;22300
SAMSUNG;Awesome Black;4,3;37999
SAMSUNG;Blue;4,3;13695
SAMSUNG;Black Sapphire;3,9;30495
SAMSUNG;Phantom Silver;4,5;105999
SAMSUNG;Charcoal Black;4,3;10848
SAMSUNG;Silver;4,1;5490
SAMSUNG;Gold;4,2;6480
SAMSUNG;Charcoal Black;4,3;8170
SAMSUNG;Midnight Black;4,1;17990
SAMSUNG;Prism Crush Violet;4,3;21099
SAMSUNG;Black;4,4;24000
SAMSUNG;White;4,1;16999
SAMSUNG;Cosmic Black;4,4;54999
SAMSUNG;Silver Titanium;3,9;29990
SAMSUNG;Silver Titanium;3,9;49990
SAMSUNG;Black;4,3;12499
SAMSUNG;Black;4,1;1560
SAMSUNG;Gold Platinum;3,9;29990
SAMSUNG;Charcoal Grey;4,1;5490
SAMSUNG;Noble Black;3,8;4199
SAMSUNG;White;4;5999
SAMSUNG;Awesome White;4,1;21999
SAMSUNG;Prism Crush Black;4,3;18900
SAMSUNG;Black;4,2;6990
SAMSUNG;Metallic Blue;4,4;8990
SAMSUNG;Frost White;3,3;30000
SAMSUNG;White Pearl;4;55900
SAMSUNG;White;4;7992
SAMSUNG;Prism Black;4,6;79000
SAMSUNG;Midnight Black;4,4;65900
SAMSUNG;Midnight Black;4,6;48669
SAMSUNG;Black;4,3;14069
SAMSUNG;Black;4,1;14490
SAMSUNG;Black;3,3;3400
SAMSUNG;Prism Crush White;4,3;19900
SAMSUNG;Midnight Black;4;5999
SAMSUNG;White;4;7999
SAMSUNG;Prism Crush Black;4,4;27499
SAMSUNG;Prism Blue;4,5;40999
SAMSUNG;Frost White;4,1;27990
SAMSUNG;Maple Gold;4,6;35990
SAMSUNG;White;4,3;18990
SAMSUNG;Gold;4;6999
SAMSUNG;Gold Platinum;4;29999
SAMSUNG;Silver Titanium;4,4;23500
SAMSUNG;Gold Platinum;4,4;22222
SAMSUNG;Black;4,2;3285
SAMSUNG;Marble White;4,3;13499
SAMSUNG;Champagne Gold;4,1;17990
SAMSUNG;Brown;4,2;20400
SAMSUNG;Silver;4,2;8200
SAMSUNG;Metallic Blue;4;7999
SAMSUNG;Black Sky;3,8;25900
SAMSUNG;Gold;3,6;4790
SAMSUNG;Bronze Gold;4,1;51000
SAMSUNG;Gradation Blue;4,3;15890
SAMSUNG;Cloud Blue;4,3;49980
SAMSUNG;Black;4,1;8090
SAMSUNG;Black;4,2;16860
SAMSUNG;Gold;4,3;19980
SAMSUNG;Awesome White;4,3;27499
SAMSUNG;Black Sapphire;4;33900
SAMSUNG;Grey;4;10899
SAMSUNG;Awesome White;4,4;28999
SAMSUNG;White;3,9;5110
SAMSUNG;Gradation Black;4,3;15900
SAMSUNG;White;3,8;4199
SAMSUNG;Gold;4,2;8200
SAMSUNG;Midnight Black;3,6;4999
SAMSUNG;Charcoal Gray;3;8999
SAMSUNG;Blue;4,1;15990
SAMSUNG;White;4,2;8490
SAMSUNG;Ceramic White;4;6999
SAMSUNG;Black;4,1;6549
SAMSUNG;Metallic Blue;4;8999
SAMSUNG;Black;4,3;14990
SAMSUNG;Midnight Black;4,1;19990
SAMSUNG;Cosmic Black;4,2;70490
SAMSUNG;Pearl White;4,1;19990
SAMSUNG;Ceramic White;3,8;5490
SAMSUNG;Black;3,8;26000
SAMSUNG;White;4;6190
SAMSUNG;Midnight Black;4;9999
SAMSUNG;Blue;4,3;21000
SAMSUNG;Gold Platinum;4,1;39899
SAMSUNG;Black;4,4;22300
SAMSUNG;Blossom Pink;4,1;49990
SAMSUNG;COCKTAIL ORANGE;4,1;15490
SAMSUNG;Blue;4,3;18340
SAMSUNG;Silver;3,3;4999
SAMSUNG;Pearl White;4,1;17990
SAMSUNG;Titan Gray;4;5999
SAMSUNG;Midnight Black;4,6;34899
SAMSUNG;Black;4,2;9890
SAMSUNG;White;3,9;5940
SAMSUNG;White;4,1;10990
SAMSUNG;Gold Platinum;4,4;41900
SAMSUNG;Silver;4,1;6995
SAMSUNG;Ceramic White;3,6;4999
SAMSUNG;Midnight Black;3,8;4299
SAMSUNG;Ocean Blue;4,3;16000
SAMSUNG;Black;4;39999
SAMSUNG;Black;3,8;3500
SAMSUNG;Wine Red;3,6;6999
SAMSUNG;Black;4,3;13499
SAMSUNG;White;4,3;12999
SAMSUNG;Metallic Silver;3,9;5000
SAMSUNG;Pure White;4;5999
SAMSUNG;White;3,8;19999
SAMSUNG;Black;3,9;5920
SAMSUNG;Black;4;5999
SAMSUNG;White;4,2;11250
SAMSUNG;Black Onyx;4,4;24999
SAMSUNG;Black;3,3;4999
SAMSUNG;Grey;3,9;8250
SAMSUNG;Gold Platinum;4;33900
SAMSUNG;Black Pearl;4,3;36900
SAMSUNG;Silver Titanium;4,2;34999
SAMSUNG;Gold Platinum;4,2;28000
SAMSUNG;Pink Gold;4,4;36900
Lenovo;Black;4;7999
Lenovo;Fine Gold;4,2;10999
Lenovo;Yellow;4;7999
Lenovo;Silver;4,3;13604
Lenovo;Venom Black;4,2;10999
Lenovo;Black;4;9900
Lenovo;Black;3,7;5499
Lenovo;Black;4;7490
Lenovo;Blue;4;6950
Lenovo;Gold;4,1;7999
Lenovo;Black;4,1;6999
Lenovo;White;3,9;4990
Lenovo;Grey;3,7;9799
Lenovo;Black;3,9;6499
Lenovo;Fine Gold;4,1;7490
Lenovo;Black;4,2;9999
Lenovo;White;4;7000
Lenovo;White;4,1;6999
Lenovo;Black;4,1;6999
Lenovo;Fine Gold;4,1;8499
Lenovo;Venom Black;4,1;12999
Lenovo;Black;3,8;19999
Lenovo;Black;3,9;8490
Lenovo;Blue;3,9;7990
Lenovo;Blue;3,9;7990
Lenovo;Grey;4,1;10999
Lenovo;Grey;4,1;12499
Lenovo;Black;3,9;5490
Lenovo;Black;3,8;4890
Lenovo;Venom Black;4,1;7819
Lenovo;Gold;4,1;13499
Lenovo;White;4;18499
Lenovo;Black;3,8;5499
Lenovo;White;4;9999
Lenovo;White;3,9;6266
Lenovo;Black;3,8;7700
Lenovo;White;4;8999
Lenovo;Black;4,1;16999
Lenovo;Black;4;5499
Lenovo;Black;3,8;5999
Lenovo;Silver;4;8499
Lenovo;Dark Grey;4;8499
Lenovo;Dark Grey;4;7999
Lenovo;Silver;4;8499
Lenovo;Gold;4;7999
Lenovo;Dark Blue;4;15999
Lenovo;Grey;4;9150
Lenovo;Grey;4;8999
Lenovo;Silver;4,1;10999
Lenovo;Gold;3,7;17499
Lenovo;Grey;3,9;5499
Lenovo;Gold;4,1;10999
Lenovo;dark gold;4,1;7499
Lenovo;Gold;4;7490
Lenovo;Silver;4,1;7490
Lenovo;Gold;4,1;6250
Lenovo;White;3,8;19999
Lenovo;White;3,8;9999
Lenovo;Black;4,1;13999
Lenovo;Grey;4,3;12899
Lenovo;Grey;4,1;15999
Lenovo;Black/Tuxedo Black;3,9;7999
Lenovo;Black;3,9;4599
Lenovo;Gold;4;14999
Lenovo;Starry Night Black;4;29999
Lenovo;Gold;4,1;6999
Lenovo;Black;4,1;7999
Lenovo;Gold;4,1;11999
Lenovo;Blue;4,2;9999
Lenovo;Deep Black;4,1;15410
Lenovo;White;4,1;15999
Lenovo;White;3,7;7580
Lenovo;Sprite;4,1;13999
Lenovo;Fine Gold;4,1;11999
Lenovo;Silver;4,1;12499
Lenovo;Gold;4,3;17999
Lenovo;Grey;4,3;17999
Lenovo;Black;3,8;7499
Lenovo;Black;4,1;18999
Lenovo;Venom Black;4,1;11999
Lenovo;Black;4,2;9999
Lenovo;Grey;4,3;16999
Lenovo;Gold;4,3;16999
Lenovo;Blue;4,2;9999
Lenovo;Silver;3,7;7650
Lenovo;Black;3,8;3549
Lenovo;White;3,9;17999
Lenovo;Venom Black;4,1;7490
Lenovo;Fine Gold;4,1;6990
Lenovo;Black;3,9;8250
Lenovo;Red;4,1;7499
Lenovo;Black;4,1;7499
Lenovo;White;4,1;7499
Lenovo;Black;4;6499
Lenovo;Deep Black;4,1;19999
Lenovo;Black;4,1;11999
Lenovo;Black;4,1;11999
Lenovo;Silver;4;7599
Lenovo;White;3,8;8999
Lenovo;Grey;3,7;9229
Lenovo;White;3,8;6799
Lenovo;Grey;4,1;6999
Lenovo;Grey;3,5;6980
Lenovo;White;3,5;13999
Lenovo;White;3,9;7999
Lenovo;White;3,9;6750
Lenovo;White;3,8;4499
Lenovo;Blue;3,5;6989
Lenovo;Black;3,6;4200
Lenovo;White;3,8;3549
Lenovo;Red;3,7;18999
Lenovo;Grey;3,6;12999
Lenovo;Black;3,7;6200
Lenovo;GREY/BLACK;4;7999
Lenovo;Yellow;3,7;9795
Lenovo;White;3,7;7990
Lenovo;White;3,7;9999
Lenovo;Space Grey;3,4;7499
Motorola;Tahiti Blue;4,1;8799
Motorola;Aurora Grey;4,1;10499
Motorola;Frosted Champagne;4,2;17999
Motorola;Dynamic Gray;4,3;16499
Motorola;Coral Red;4,1;8799
Motorola;Dynamic Gray;4,3;14499
Motorola;Dynamic Gray;4,2;17999
Motorola;Frosted Champagne;4,3;16499
Motorola;Frosted Champagne;4,3;14499
Motorola;Breeze Blue;4,1;10499
Motorola;Black;4,2;8999
Motorola;Frosted Emerald;4,4;29999
Motorola;Royal Blue;4,3;9999
Motorola;Cyber Teal;3,9;21499
Motorola;Super Black;4,3;21999
Motorola;Electric Graphite;3,9;21499
Motorola;Polished Graphite;4;89999
Motorola;Grey;4,3;12000
Motorola;Black;3,8;74999
Motorola;White;4,2;17499
Motorola;Frosted Pearl;4,4;29999
Motorola;Pearl White;4,2;6900
Motorola;Indigo Black;4,2;20000
Motorola;Gold;3,9;12999
Motorola;Sapphire Gradient;4,2;14999
Motorola;Dark Pearl;4,1;10999
Motorola;Volcanic Grey;4,2;20999
Motorola;Electric Violet;4,1;11999
Motorola;Tahiti Blue;4,1;6999
Motorola;White;4,2;8999
Motorola;Pastel Sky;4,1;10999
Motorola;Moonlight White;4,4;17499
Motorola;Fine Gold;4,3;10999
Motorola;Sapphire Blue;4,2;10999
Motorola;Misty Blue;4,2;8999
Motorola;Twilight Blue;4,4;17499
Motorola;Frosted Silver;4,2;20999
Motorola;Denim Blue;4,2;10999
Motorola;White;4,1;5999
Motorola;Arctic Blue;4,3;9999
Motorola;Polished Graphite;4,1;7999
Motorola;Pearl White;3,9;5499
Motorola;Black;4,2;11999
Motorola;Fine Gold;4,2;11999
Motorola;Forest Green;4,2;10999
Motorola;Smoky Sangria;4,1;64999
Motorola;Gold;3,8;74999
Motorola;White;4,2;11999
Motorola;Ultra Violet;4,3;9499
Motorola;Lunar Gray;4,1;7350
Motorola;Black;4,2;14500
Motorola;Black;4,3;9999
Motorola;White;4,3;9999
Motorola;Sterling Blue;4,3;24999
Motorola;Rich Cranberry;4,1;7999
Motorola;Space Blue;4,3;9999
Motorola;Oxford Blue;4,1;9869
Motorola;Black;4,1;14999
Motorola;Fine Gold;4,4;27999
Motorola;Lunar Gray;4,4;27999
Motorola;Black;4,3;18999
Motorola;White;4,1;14999
Motorola;Black;2,4;14939
Motorola;Sterling Blue;4,3;23999
Motorola;Cosmic Blue;4,3;12999
Motorola;Black;4,4;9999
Motorola;Bronze Gradient;4,2;14999
Motorola;Bronze Gradient;4,2;14999
Motorola;Fine Gold;4,1;12999
Motorola;Black;3,8;15990
Motorola;Indigo Black;4,3;11829
Motorola;White;4;5999
Motorola;Ceramic Black;4,3;15999
Motorola;White;3,9;6999
Motorola;Coral Red;4,1;6999
Motorola;Black;4,4;24999
Motorola;White;4,4;24999
Motorola;Crystal Pink;4,3;12999
Motorola;Black;4,2;9999
Motorola;Twilight Orange;4,2;8999
Motorola;Caribbean Blue;4,1;7999
Motorola;Metallic Sage;4,1;11999
Motorola;Starry Black;4,2;6999
Motorola;Fine Gold;4,2;6999
Motorola;Lunar Grey;4,2;5450
Motorola;Lunar Grey;3,7;10999
Motorola;Black;4,2;24999
Motorola;Black Leather;4,2;23999
Motorola;Super Black;4,3;24999
Motorola;Super Black;4,1;14999
Motorola;Indigo Black;4,2;13999
Motorola;Fine Gold;4,1;8390
Motorola;Indigo Black;4,1;12999
Motorola;Super Black;4,3;23999
Motorola;Black;3,9;6399
Motorola;Grey;3,9;14999
Motorola;Silver;3,9;14999
Motorola;Gold;3,9;14999
Motorola;White;4;6999
Motorola;Grey;3,9;9999
Motorola;Pearl White;4,2;10999
Motorola;Black;4;6999
Motorola;Silver;3,9;10910
Lenovo;Black;4,2;9999
Lenovo;Blue;4,2;9999
POCO;Graphite Black;4,4;20999
POCO;Steel Blue;4,4;20999
POCO;Graphite Black;4,4;18999
POCO;Steel Blue;4,4;18999
POCO;Cool Blue;4,2;16499
POCO;Yellow;4,2;16499
POCO;Cool Blue;4,3;11999
POCO;Power Black;4,3;11999
POCO;Yellow;4,3;11999
POCO;Grey;4,3;9999
POCO;Mostly Blue;4,3;9999
POCO;Cool Blue;4,3;10999
POCO;Power Black;4,3;10999
POCO;Yellow;4,3;10999
POCO;Arctic Blue;4,3;8999
POCO;Lime Green;4,3;8999
POCO;Matte Black;4,3;8999
POCO;Arctic Blue;4,3;7999
POCO;Lime Green;4,3;7999
POCO;Matte Black;4,3;7999
vivo;Obsidian Black;4,3;13400
vivo;Midnight Blue;3,8;69990
vivo;Midnight Blue;4,4;49990
vivo;Purist Blue;4,2;49990
vivo;Nebula Blue;3,8;39990
vivo;Mirror Black;4,4;39990
vivo;Midday Dream;4,4;37990
vivo;Nebula Blue;4,4;36990
vivo;Diamond Glow;4,3;34990
vivo;Diamond Glow;4,3;32990
vivo;Glacier Blue;4,4;32990
vivo;Phantom Black;4,4;32990
vivo;Obsidian Black;4,3;29990
vivo;Dawn White;4,4;29990
vivo;Diamond Flare;4,4;28990
vivo;Olive Black;4,4;28499
vivo;Phantom Black;4,4;27990
vivo;Titanium Sapphire;4,3;23990
vivo;Obsidian Black;4,4;23990
vivo;Aurora Blue;4,4;22990
vivo;Aurora Blue;4,4;22654
vivo;Slate Gray;4,4;21990
vivo;Slate Gray;4,4;21099
vivo;Dawn White;4,4;20600
vivo;Dark Pearl;4,5;19990
vivo;Prism Magic;4,4;19990
vivo;Crystal Symphony;4,4;19490
vivo;Purist Blue;4,4;19490
vivo;Sunset Jazz;4,3;18990
vivo;Purist Blue;4,3;18990
vivo;Gravity Black;4,3;17999
vivo;Agate Red;4,4;16990
vivo;Deep Sea Blue;4,5;16989
vivo;Midnight Black;4,4;16490
vivo;Glacier Blue;4,5;15990
vivo;Glacier Blue;4,5;15990
vivo;Phantom Black;4,4;15900
vivo;Sunset Melody;4,4;15490
vivo;Sunset Dazzle;4,5;15490
vivo;Sunset Dazzle;4,4;14990
vivo;Dusk Blue;4,4;14990
vivo;Arctic White;4,3;14990
vivo;Dusk Blue;4,3;14990
vivo;Fusion Black;4,4;14990
vivo;Fantastic Rainbow;4,3;14500
vivo;Obsidian Black;4,3;13995
vivo;Ocean Blue;4,3;13990
vivo;Emerald Black;4,4;13990
vivo;Midnight Black;4,3;13990
vivo;Olive Black;4,3;13890
vivo;Aurora Blue;4,4;13890
vivo;Aquamarine Green;4,3;12900
vivo;Sunset Melody;4,3;11990
vivo;Midnight Jazz;4,3;10990
vivo;Shimmer Blue;4,4;8205
Xiaomi;Coral Green;4,2;54999
Xiaomi;Twilight Grey;4,2;45871
Xiaomi;Atlantic Blue;4,3;24890
Xiaomi;Atlantic Blue;4,3;22650
Xiaomi;Midnight Black;4,3;22950
Xiaomi;Pacific Sunrise;4,3;26989
Xiaomi;Cosmic Black;4,2;32999
Xiaomi;Cosmic Black;4,4;34999
Xiaomi;Lunar Silver;4,3;32999
Xiaomi;Jazz Blue;4,2;23999
Xiaomi;Jazz Blue;4,2;21999
Xiaomi;Tuscany Coral;4,2;21999
Xiaomi;Tuscany Coral;4,3;23999
Xiaomi;Vinyl Black;4,2;23999
Xiaomi;Vinyl Black;4,3;21999
Xiaomi;Celestial Silver;4,4;26824
Xiaomi;Celestial Silver;4,2;24744
Xiaomi;Cosmic Black;4,2;26828
Xiaomi;Cosmic Black;4,4;24283
Xiaomi;Lunar White;4,3;24338
Xiaomi;LUNAR WHITE;4,2;27950
Xiaomi;Lunar White;4,5;26758
Xiaomi;CELESTIAL SILVER;4,1;26295
Xiaomi;COSMIC BLACK;4,1;24492
Xiaomi;LUNAR WHITE;4,4;26495
Xiaomi;Celestial Silver;4,2;36290
Xiaomi;Cosmic Black;4,4;39999
Xiaomi;Cosmic Black;4,2;38950
Xiaomi;Lunar White;4,4;38999
Xiaomi;Black;3,8;14949
Xiaomi;Black;4,3;11990
Xiaomi;Gold;4,3;14398
Xiaomi;Gold;4,4;12499
Xiaomi;Red;4,4;14443
Xiaomi;Red;4,4;11948
Xiaomi;Kind of Grey;4,3;12990
Xiaomi;More Than White;4,4;12990
Xiaomi;Black;4,4;13990
Xiaomi;Metallic Grey;4,3;7999
Xiaomi;Black;4,4;9900
Xiaomi;Gold;4,4;9399
Xiaomi;Gold;4,2;10990
Xiaomi;Lake Blue;4,2;8990
Xiaomi;Black;4,2;10450
Xiaomi;Gold;4,5;12349
Xiaomi;Lake Blue;4,4;11999
Xiaomi;Red;4,5;9990
Xiaomi;Red;4,4;11999
Xiaomi;Black;4,3;7989
Xiaomi;Gold;4,3;7499
Xiaomi;Rose Gold;4,3;7699
Xiaomi;Comet Blue;4,5;9490
Xiaomi;Eclipse Black;4,3;9490
Xiaomi;Matte Gold;4,5;6499
Xiaomi;Matte Gold;4,5;6999
Xiaomi;Onyx Black;4,3;10999
Xiaomi;Ruby Red;4,5;10999
Xiaomi;Sapphire Blue;4,3;10999
Xiaomi;Midnight Black;4,4;7999
Xiaomi;Sunset Red;4,2;7999
Xiaomi;Midnight Grey;4,4;8299
Xiaomi;Midnight Grey;4,5;9199
Xiaomi;Sea Blue;4,4;9499
Xiaomi;Sky White;4,4;8299
Xiaomi;Sky White;4,2;8561
Xiaomi;Sky White;4,4;8561
Xiaomi;Carbon Black;4,2;10070
Xiaomi;Sky Blue;4,4;11199
Xiaomi;Sky Blue;4,4;10121
Xiaomi;Sporty Orange;4,4;9828
Xiaomi;Blazing Blue;4,2;13499
Xiaomi;Blazing Blue;4,4;11499
Xiaomi;Electric Green;4,2;11499
Xiaomi;Fiery Red;4,1;13499
Xiaomi;Mighty Black;4,4;11499
Xiaomi;Matte Black;4,4;10499
Xiaomi;Mint Green;4,4;10499
Xiaomi;Space Blue;4,3;10499
Xiaomi;Sunrise Flare;4,3;13999
Xiaomi;Midnight Black;4,5;7589
Xiaomi;Midnight Black;4,4;8389
Xiaomi;Nature Green;4,1;7698
Xiaomi;Nature Green;4,5;8498
Xiaomi;Sea Blue;4,1;8498
Xiaomi;SeaBlue;4,5;7619
Xiaomi;Midnight Black;4,2;8799
Xiaomi;Nature Green;4,5;8799
Xiaomi;Carbon Black;4,1;18429
Xiaomi;Carbon Black;3,8;22999
Xiaomi;Flame Red;4,5;21349
Xiaomi;Pearl White;4,5;20899
Xiaomi;Carbon Black;4,5;28999
Xiaomi;Carbon Black;4,4;29999
Xiaomi;Glacier Blue;4,4;28999
Xiaomi;Dark Nebula;4,4;19799
Xiaomi;Dark Night;4,3;18887
Xiaomi;Cosmic Purple;4,4;17765
Xiaomi;Deep Sea Blue;4,3;17995
Xiaomi;Black;4,3;9499
Xiaomi;Black;4,5;9999
Xiaomi;Gold;4,4;8590
Xiaomi;Black;4,2;9990
Xiaomi;Black;4,3;10999
Xiaomi;Gold;4,4;11499
Xiaomi;Rose Gold;4,4;9998
Xiaomi;Blue;4,4;14999
Xiaomi;Gold;4,2;16999
Xiaomi;Gold;4,5;14999
Xiaomi;Black;4,1;14999
Xiaomi;Black;4,4;12349
Xiaomi;Blue;4,4;12999
Xiaomi;Blue;4,5;14990
Xiaomi;Red;4,5;17999
Xiaomi;Red;4,4;12499
Xiaomi;Rose Gold;4,4;12449
Xiaomi;Rose Gold;4,3;14999
Xiaomi;Onyx Black;4,3;11748
Xiaomi;Ruby Red;4,2;11900
Xiaomi;Ruby Red;4,1;13399
Xiaomi;Sapphire Blue;4,4;11946
Xiaomi;Blue;4,5;14450
Xiaomi;Moonlight White;4,5;15449
Xiaomi;MOONLIGHT WHITE;4,5;14980
Xiaomi;Nebula Red;4,3;14999
Xiaomi;Neptune Blue;3,8;16399
Xiaomi;Neptune Blue;4,3;16999
Xiaomi;Space Black;4,1;17999
Xiaomi;Space Black;4,5;13499
Xiaomi;Space Black;4,5;15999
Xiaomi;Astro Moonlight White;4,4;13999
Xiaomi;Onyx Black;4,4;13900
Xiaomi;Ruby Red;4,2;13900
Xiaomi;Sapphire Blue;4,3;13500
Xiaomi;Cosmic Purple;4,3;12999
Xiaomi;Neptune Blue;4,4;12999
Xiaomi;Space Black;2,3;11999
Xiaomi;Arctic White;4,3;11999
Xiaomi;Pebble Grey;4,4;11999
Xiaomi;Aurora Blue;4,3;15990
Xiaomi;Champagne Gold;4,5;15998
Xiaomi;Champagne Gold;4,3;18499
Xiaomi;Champagne Gold;4,3;14999
Xiaomi;Glacier White;4,3;16488
Xiaomi;Rose Gold;4,3;8990
Xiaomi;Black;4,3;9478
Xiaomi;Black;4,3;10999
Xiaomi;Blue;4,3;9499
Xiaomi;Blue;4,3;10999
Xiaomi;Dark Grey;4,2;9499
Xiaomi;Dark Grey;4,3;10888
Xiaomi;Gold;4,2;9468
Xiaomi;Gold;4,3;10999
Xiaomi;Rose Gold;4,3;9999
Xiaomi;Bold Red;4,3;12999
Xiaomi;Elegant Blue;4,3;9450
Xiaomi;Elegant Blue;4,2;12999
Xiaomi;Prime Black;4,2;9950
Xiaomi;Prime Black;4,3;12499
HTC;Solar Red;4,6;53990
HTC;Brilliant Black;4;62990
HTC;Sapphire Blue;4;62990
HTC;Brilliant Black;4,6;53990
HTC;Amazing Silver;4,6;53990
HTC;Sapphire Blue;4,6;53990
HTC;Sprinkle White;3,8;12570
HTC;Carbon Grey;4,2;47990
HTC;Topaz Gold;4,2;56690
HTC;Sunset Blue;3,7;15400
HTC;White Birch;3,7;11810
HTC;Blue Lagoon;3,7;13200
HTC;Dark Grey;3,7;15490
HTC;Pearl White;3,7;16990
HTC;Blue Lagoon;3,7;26999
HTC;White Birch;3,7;18249
HTC;Milkyway Grey;3,9;19695
HTC;White Birch;3,7;9590
HTC;Black Onyx;3,7;9590
HTC;Meteor Grey;3,9;38800
HTC;Gold Sepia;3,9;38800
HTC;Gold and Silver;4,1;53900
HTC;Blue Lagoon;3,9;8999
HTC;White Birch;3,7;27990
HTC;White Birch;3,9;8999
HTC;Fervor Red;4;12400
HTC;Milkyway Grey;3,9;25500
HTC;Santorini White;3,9;25500
HTC;Saffron Grey;4,1;25999
HTC;Glossy Black;4;9900
HTC;Glacier Blue;4;6999
HTC;White;3,9;21990
HTC;Blue;3,9;21990
HTC;Santorini White;3,9;7999
HTC;Milkyway Grey;4,1;23999
HTC;Santorini White;4;25999
HTC;Blue;4;21999
HTC;Dark Grey;3,8;17200
HTC;Pearl White;3,8;17200
HTC;Pearl White;3,5;15200
HTC;Dark Grey;3,5;15200
HTC;Amber Gold;4,4;59900
HTC;White  ;4,1;27390
HTC;Dark Grey;4,1;27390
HTC;Black;3,6;9990
HTC;White;3,6;9990
HTC;Silver;4,4;59900
HTC;Gunmetal Grey;4,4;59900
HTC;Black;3,8;35490
HTC;Silver;4,1;59590
Nokia;Grey ;4,3;46988
OPPO;Blue;3,7;10490
OPPO;Black;3,7;10490
OPPO;White;3,7;10490
OPPO;Mint Green;4,3;15490
OPPO;Rainbow Blue;4,3;15490
OPPO;Rainbow Blue;3,8;17490
OPPO;Starry Black;3,8;17490
OPPO;Starry Black;4,3;15490
POCO;Predator Black;4,3;28999
POCO;Predator Black;4,3;28999
POCO;Predator Black;4,3;30999
POCO;Gunmetal Silver;4,3;28999
POCO;Power Black;4,2;16499
POCO;Graphite Black;4,5;24999
POCO;Graphite Black;4,5;28999
POCO;Armoured Edition;4,5;30999
POCO;Steel Blue;4,5;21999
POCO;Gunmetal Silver;4,3;28999
POCO;Two shades of black;4,4;14999
POCO;Green and Greener;4,3;13999
POCO;Green and Greener;4,3;14999
POCO;Out of Blue;4,4;15999
POCO;Two shades of black;4,4;13999
POCO;Out of Blue;4,4;14999
POCO;Out of Blue;4,4;13999
POCO;Green and Greener;4,3;15999
POCO;Slate Blue;4,4;11499
POCO;Pitch Black;4,4;11499
POCO;Brick Red;4,4;11499
POCO;Brick Red;4,4;10499
POCO;Atlantic Blue;4,5;14999
POCO;Atlantic Blue;4,5;15999
POCO;Matrix Purple;4,5;15999
POCO;Matrix Purple;4,5;21499
POCO;Pheonix Red;4,5;14999
POCO;Matrix Purple;4,5;19999
POCO;Pheonix Red;4,5;15999
POCO;Pheonix Red;4,5;21499
POCO;Rosso Red;4,5;30999
POCO;Rosso Red;4,5;24999
POCO;Graphite Black;4,5;21999
POCO;Steel Blue;4,5;30999
realme;Prism Blue;4,4;15999
realme;Prism Black;4,4;15999
realme;Prism Blue;4,5;13999
realme;Prism Black;4,5;13999
realme;Daybreak Blue;4,3;25999
realme;Daybreak Blue;4,4;27999
realme;Metal Grey;4,5;10999
realme;Glacier Blue;4,5;10999
realme;Neo Blue;4,4;35999
realme;Neo Black;4,4;35999
realme;Neo Blue;4,4;31999
realme;Neo Black;4,4;31999
realme;Metal Grey;4,5;12049
realme;Luna White ;4,3;27999
realme;Voyager Grey;4,3;29999
realme;Mercury Silver;4,4;26999
realme;Milkyway Grey;4,3;29999
realme;Asteroid Black;4,3;29999
realme;Asteroid Black;4,3;26999
realme;Milkyway Grey;4,3;26999
realme;Mercury Silver;4,4;29999
SAMSUNG;Awesome Mint;4,3;37499
SAMSUNG;Phantom Green;4,4;149999
SAMSUNG;Phantom Silver;4,4;149999
SAMSUNG;Lavender  ;4,3;88999
SAMSUNG;Matte Black;4,1;20999
SAMSUNG;Matte Black;4,1;22999
SAMSUNG;Matte Aqua;4,1;22999
SAMSUNG;Matte Aqua;4,1;20999
vivo;Midnight Blue;4,1;14449
vivo;Midday Dream;3,9;18990
vivo;Mirror Black;4,9;22990
vivo;Midnight Blue;4,1;16490
vivo;Pearl White;4,1;16490
vivo;Sunshine Gold;4,4;34990
vivo;Stardust Black;4,4;29990
vivo;Sunshine Gold;4,4;29990
vivo;Stardust Black;4,4;34990
vivo;Stardust Black;4,3;38990
vivo;Stardust Black;4,1;43990
vivo;Sunshine Gold;4,1;43990
vivo;Neon Spark;4,3;32990
vivo;Obsidian Black;4,3;15490
vivo;Purist Blue;4,3;15490
vivo;Enigma Black;4,5;79990
vivo;Aurora Dawn;4,5;49990
vivo;Cosmic Black;4,5;52990
vivo;Aurora Dawn;4,5;46990
vivo;Midnight Black;4,4;54990
vivo;Shimmer Blue;5;48780
vivo;Alpha Grey;4,5;54990
vivo;Frost Blue;5;44990
vivo;Thunder Black;4,4;10990
vivo;Electric Blue;4,4;11990
vivo;Electric Blue;4,4;13990
vivo;Skyline Blue;4,4;20990
vivo;Fusion Blue;4,5;19990
vivo;Phantom Purple;5;19990
vivo;Skyline Blue;4,4;19990
vivo;Diamond Black;5;19990
vivo;Mirror Black;4,5;15990
vivo;Sonic Blue;4,5;17990
vivo;Sonic Black;4,5;15990
vivo;Frost Blue;4,3;39990
vivo;Diamond Black;4,4;22990
vivo;Black;4,4;7990
vivo;Nebula Purple;4,4;11990
vivo;Nebula Purple;4,4;15990
vivo;Starry Black;4,4;17000
vivo;Starry Black;4,4;18990
vivo;Gold;4,4;15990
vivo;Sapphire Blue;4,5;23400
vivo;Black;4,3;35399
vivo;Black;4,4;19899
vivo;Gold;4,5;20990
vivo;Gold;4,4;22099
vivo;Gold;4,3;11999
vivo;Nebula Purple;4,4;20000
vivo;Nebula Purple;4,4;14500
vivo;Dazzling Gold;4,5;25990
vivo;Black;4,4;15900
vivo;Gold;4,3;8990
vivo;Matte Black;4,3;8990
vivo;Pearl Black;4,5;18990
vivo;Gold;4,4;17990
vivo;Energetic Blue;4,4;15990
vivo;Matte Black;4,3;13990
Xiaomi;Celestial Magic;4,3;42999
Xiaomi;Meteorite Black;4,3;41996
Xiaomi;Stealth Black;4,3;24999
Xiaomi;Stealth Black;4,3;28999
Xiaomi;Purple Mist;4,3;24999
Xiaomi;Purple Mist;4,2;26999
Xiaomi;Stealth Black;4,2;26999
Xiaomi;Pacific Pearl;4,3;28999
Xiaomi;Pacific Pearl;4,3;24999
Xiaomi;Purple Mist;4,3;28999
Xiaomi;Camo Green;4,2;26999
Xiaomi;Matte Black;4,3;18979
Xiaomi;Aquamarine Blue;4,3;21736
Xiaomi;Stardust White;4,2;19119
Xiaomi;Matte Black;4,2;19100
Xiaomi;Aquamarine Blue;4,2;18778
Xiaomi;Stardust White;4,2;18187
Xiaomi;Matte Black;4,3;22189
Xiaomi;Stardust White;4,2;22163
Xiaomi;Glacier White;4,3;15998
Xiaomi;Glacier White;4,3;14990
Xiaomi;Metallic Blue;4,3;8599
Xiaomi;Diamond Dazzle;4,4;27999
Xiaomi;Jazz Blue;4,3;23990
Xiaomi;Vinyl Black;4,3;25990
Xiaomi;Jazz Blue;4,3;25684
Xiaomi;Diamond Dazzle;4,4;24798
Xiaomi;Tuscany Coral;4,4;28999
Xiaomi;Carbon Black;4,3;7798
Xiaomi;Coral Green;4,3;7798
Xiaomi;Tuscany Coral;4,4;23999
Xiaomi;Jazz Blue;4,3;25999
Xiaomi;Vinyl Black;4,3;25999
Infinix;Aegean Blue;4,3;8299
Infinix;Purple  ;4,3;8299
Infinix;Morandi Green;4,3;8299
Infinix;Polar Black;4,3;10999
Infinix;Green Wave;4,3;10999
Infinix;Silver Wave;4,4;9999
Infinix;Emerald Green;4,4;9999
Infinix;Morandi Green;4,3;10999
Infinix;Purple  ;4,3;10999
Infinix;Morandi Green;4,3;7499
Infinix;Obsidian Black;4,3;7499
Infinix;Purple;4,3;7499
Infinix;Aegean Blue;4,3;7499
Infinix;Graphite Black;4,5;14499
Infinix;Quetzal Cyan;4,4;7199
Infinix;Midnight Black;4,4;7199
Infinix;Ocean Wave;4,4;7199
Infinix;Quartz Green;4,3;7990
Infinix;Polar Black;4,3;11999
Infinix;Green Wave;4,3;11999
Infinix;Silver Wave;4,3;11999
Infinix;Morandi Green;4,3;9999
Infinix;Celestial Snow;4,3;12499
Infinix;Celestial Snow;4,5;14499
Infinix;Symphony Cyan;4,3;13999
Infinix;Haze Green;4,3;13999
Infinix;Glacier Green;4,5;14999
Infinix;Black;4,2;16999
Infinix;Haze Green;4,3;15999
Infinix;Glacier Green;4,3;12499
Infinix;Mithril Grey;4,3;13999
Infinix;Graphite Black;4,3;12499
Infinix;Symphony Cyan;4,3;15999
Infinix;Nordic Secret;4,2;16999
Infinix;Mithril Grey;4,3;15999
Infinix;Quetzal Cyan;4,4;8999
Infinix;Milan Black;4,2;10999
Infinix;Sandstone Black;4,1;6999
Infinix;Sandstone Black;4,1;7946
Infinix;Sandstone Black;4,3;8999
Infinix;Ice Blue;4,2;12999
Infinix;Cosmic Purple;4,5;9999
Infinix;Sapphire Cyan;4,2;7999
Infinix;Bordeaux Red ;3,9;16999
Infinix;Sea Blue;4,4;12999
Infinix;Nebula Blue;4,2;9999
Infinix;Quetzal Cyan;4,5;9999
Infinix;Purple  ;4,3;9299
Infinix;Heart of Ocean;4,3;10999
Infinix;Emerald Green;4,4;9999
Infinix;Silver Wave;4,3;10999
Infinix;Heart of Ocean;4,3;9999
Infinix;Obsidian Black;4,3;7499
Infinix;Purple;4,3;7499
Infinix;Aegean Blue;4,3;7499
Infinix;Forest Green;4,3;14999
Infinix;Silver Diamond;4,2;18999
Infinix;Forest Green;4,4;12999
Infinix;Violet;4,4;12999
Infinix;Obsidian Black;4,3;8299
Infinix;Aegean Blue;4,3;9299
Infinix;Morandi Green;4,3;9299
Infinix;Obsidian Black;4,3;9299
Infinix;Purple;4,4;9999
Infinix;Polar Black;4,4;9999
Infinix;Purple;4,3;10999
Infinix;Black;4,3;10999
Infinix;Black;4,3;9999
Infinix;Topaz Blue;4,3;7990
Infinix;Purple;4,3;9999
Infinix;Purple;4,2;16999
Infinix;Obsidian Black;4,4;11999
Infinix;Ocean Wave;4,4;11999
Infinix;Moonlight Jade;4,4;11999
Infinix;Amber Red;4,4;11999
Infinix;Ocean Wave;4,4;9999
Infinix;Quetzal Cyan;4,4;9999
Infinix;Violet;4,4;9999
Infinix;Ocean Wave;4,3;13999
Infinix;Emerald Green;4,2;10999
Infinix;Violet;4,4;11999
Infinix;Obsidian Black;4,3;13999
Infinix;Moonlight Jade;4,3;13999
Infinix;Midnight Black;4,4;9999
Infinix;Quetzal Cyan;4,4;11999
Infinix;Black;4,2;10999
Infinix;Purple;4,2;10999
Infinix;Ocean Wave;4,4;8999
Infinix;Midnight Black;4,4;8999
Infinix;Aether Black;4,3;14999
Infinix;Violet;4,4;8999
Infinix;Violet;4,4;12999
Infinix;Emerald Green;4,2;12499
Infinix;Purple;4,2;12499
Infinix;Black;4,2;12499
Infinix;Quetzal Cyan;4,4;12999
Infinix;Ocean Wave;4,4;11999
Infinix;Milan Black;4,2;10999
Infinix;Tradew Grey;4,2;10999
Infinix;Aqua Blue;4,2;10999
Infinix;Mocha Brown;4,2;7999
Infinix;Ice Blue;4,2;8999
Infinix;City Blue;4,3;8999
Infinix;City Blue;4,1;7946
Infinix;Bordeaux Red ;4,1;7946
Infinix;Serene Gold;4,1;7946
Infinix;Blush Gold;4,1;11999
Infinix;Violet;4,3;9999
Infinix;Magic Gold;4,3;8999
Infinix;Bordeaux Red ;4,3;8999
Infinix;Shark Grey;4,5;9999
Infinix;Quartz Black;4;7499
Infinix;Magic Gold;4;7499
Infinix;Quetzal Cyan;4,3;9999
Infinix;Midnight Black;4,3;9999
Infinix;Milan Black;4,2;12999
Infinix;Topaz Blue;4,1;11999
Infinix;Bordeaux Red ;4,2;9999
Infinix;Bordeaux Red ;4;7499
Infinix;Violet;4,3;10999
Infinix;Topaz Blue;4,2;9999
Infinix;Blush Gold;4,2;9999
Infinix;Bordeaux Red ;4,1;6999
Infinix;Charcoal Blue;3,9;16999
Infinix;Midnight Black;4,2;7999
Infinix;Ice Blue;4,2;10399
Infinix;Ocean Wave;4,4;12999
Infinix;Quetzal Cyan;4,3;10999
Infinix;Sandstone Black;4,2;9999
Infinix;Aqua Blue;4,2;9999
Infinix;City Blue;4,1;6949
Infinix;Serene Gold;4,1;6949
Infinix;Space Grey;4,2;9999
Infinix;Black Diamond;4,2;18999
Infinix;Bordeaux Red ;4,3;17999
Infinix;Berlin Gray;4,2;12999
Infinix;Twilight Purple;4,3;10999
Infinix;Nebula Blue;4,3;10999
Infinix;Champagne Gold;4,2;8999
Infinix;Bolivia Blue;4,3;14999
Infinix;Sandstone Black;4,1;11999
Infinix;Bronze Gold Black;4,3;19999
Infinix;Milan Black;4,2;8999
Infinix;Twilight Purple;4,2;9999
Infinix;Midnight Black;4,2;10999
Infinix;Aqua Blue;4,2;10999
Infinix;Mocha Brown;4,2;10999
Infinix;Mocha Brown;4,2;9999
Infinix;Sandstone Black;4,3;17999
Infinix;Champagne Gold;4,3;17999
Infinix;Space Grey;4,3;10999
OPPO;Startrails Blue;4,2;39999
Xiaomi;Camo Green;4,3;28999
POCO;Royal Blue;4,4;7999
POCO;Shadow Grey;4,4;7999
POCO;Royal Blue;4,4;8999
POCO;Shadow Grey;4,4;8999
vivo;Diamond Glow;4,1;14449
OPPO;Blue;4,1;10490
OPPO;White;4,1;10490
OPPO;Black;4,1;10490
OPPO;Royal Gold;4,3;13490
OPPO;Mint Green;4,1;17790
Apple;Green;4,7;104900
Apple;Alpine Green;4,7;139900
Apple;Alpine Green;4,7;169900
Apple;Alpine Green;4,7;159900
Apple;Alpine Green;4,7;149900
Apple;Green;4,6;64900
Apple;Alpine Green;4,5;119900
Apple;Green;4,6;94900
Apple;Silver;4,7;179900
Apple;Sierra Blue;4,7;139900
Apple;Gold;4,7;139900
Apple;Silver;4,7;159900
Apple;Graphite;4,7;159900
Apple;Silver;4,7;129900
Apple;Gold;4,7;129900
Apple;Gold;4,7;179900
Apple;Graphite;4,7;129900
Apple;Graphite;4,7;139900
Apple;Silver;4,7;139900
Apple;Sierra Blue;4,7;159900
Apple;Gold;4,7;159900
Apple;Graphite;4,7;179900
Apple;Sierra Blue;4,7;179900
vivo;Starlight Black;4,3;21990
vivo;Glowing Galaxy;4,3;22490
realme;Meteor Black;4,8;17499
realme;Stargaze White;4,8;17499
realme;Meteor Black;4,5;14999
realme;Stargaze White;4,5;14999
realme;Aurora Green;4,4;17999
realme;Midnight Black;4,4;17999
realme;Sunrise Blue ;4,4;17999
realme;Aurora Green;4,4;20999
realme;Midnight Black;4,4;24999
realme;Aurora Green;4,4;28999
realme;Aurora Green;4,4;24999
realme;Midnight Black;4,4;26999
realme;Midnight Black;4,4;20999
realme;Azure Glow;4,5;22999
realme;Starry Glow;4,5;19999
realme;Azure Glow;4,5;19999
realme;Starry Glow;4,5;22999
realme;Midnight Black;4,4;28999
realme;Aurora Green;4,4;26999
realme;Glowing Green;4,5;12999
realme;Glowing Green;4,5;11999
realme;Glowing Black;4,5;12999
POCO;Power Black;4,4;14999
POCO;Cool Blue;4,4;14999
POCO;Cool Blue;4,4;16499
POCO;Power Black;4,4;17999
POCO;Cool Blue;4,4;17999
POCO;Power Black;4,4;16499
POCO;Cool Blue;4,5;14999
POCO;Power Black;4,4;18999
POCO;Yellow;4,4;16999
POCO;Cool Blue;4,4;16999
POCO;Yellow;4,5;14999
POCO;Cool Blue;4,4;18999
POCO;Power Black;4,5;14999
POCO;Yellow;4,4;18999
POCO;Power Black;4,4;16999
SAMSUNG;Graphite;4,3;54990
SAMSUNG;Aqua Blue;4;15999
SAMSUNG;Lavender  ;4,3;59990
SAMSUNG;Forest Green;4;16999
SAMSUNG;Aqua Blue;4;16999
SAMSUNG;Forest Green;4;15999
SAMSUNG;Blue;4;7999
SAMSUNG;Black;4;7999
SAMSUNG;Awesome Blue;4,4;22910
SAMSUNG;Awesome Black;4,4;22930
SAMSUNG;Blazing Black;4,3;27839
SAMSUNG;Blazing Black;4,3;25990
SAMSUNG;Icy Blue;4,3;25489
SAMSUNG;Icy Blue;4,3;27239
SAMSUNG;Slate Black;4,2;22989
SAMSUNG;Sky Blue;4,2;20350
